DATE_TRANS;TRANSID_MVOLA;STATE;MSISDN;PIVOT;SENS;NOM;TRANSID_PARENT;TRANS_TYPE;AMOUNT;SOLDE_PIVOT_AVANT;SOLDE_PIVOT_APRES;ORIGFTID;TYPE_OPERATION
07/09/2026 00:50:49;6757009839;Completed;0342022995;0385344178;C;Faratiana Andriamanohisoa;0;wallettobank;299600;613951496;614251096;87c0be73-f852-4845-88fd-e5361675ff0f;WTB
07/09/2026 05:21:43;6757685787;Completed;0348088086;0385344178;C;RABEHARIVAO;0;wallettobank;225000;614251096;614476096;a170a259-704f-4acb-ab9f-0789eac033e9;WTB
07/09/2026 06:03:14;6758165091;Completed;0388266557;0385344178;C;HELENE;0;wallettobank;690000;614516096;615206096;3f27d7bb-2f98-4ca7-836d-df2490ff2836;WTB
07/09/2026 05:56:38;6758028145;Completed;0347916979;0385344178;C;Tenenanjara;0;wallettobank;40000;614476096;614516096;527be667-22b5-48c5-b27e-2c5474f8496a;WTB
07/09/2026 06:14:41;6758443732;Completed;0343986435;0385344178;C;RAZAKAMANOHY;0;wallettobank;500000;615206096;615706096;b7f99e67-455c-45de-8bf8-2b389f1dc68b;WTB
07/09/2026 06:21:06;6758658898;Completed;0388214939;0385344178;C;RAZAFIMAHEFA;0;wallettobank;157200;615756096;615913296;3cc31ce2-d54e-455f-acb3-b3ef51b0f0a3;WTB
07/09/2026 06:35:41;6759095012;Completed;0349699793;0385344178;C;Razafimazava;0;wallettobank;100000;616815836;616915836;756b0588-2d71-4a9d-abfa-730c767aeccd;WTB
07/09/2026 06:29:18;6758882219;Completed;0389959807;0385344178;C;ANDRIAMANERASOA;0;wallettobank;902540;615913296;616815836;75b74bbb-882b-406a-a9d7-3079aaa8b3d6;WTB
07/09/2026 06:20:10;6758620586;Completed;0345006609;0385344178;C;Raharinaivo;0;wallettobank;50000;615706096;615756096;14dcb441-6323-46dc-be2d-77f0c1c3448d;WTB
07/09/2026 06:42:48;6759388117;Completed;0389619484;0385344178;C;Andrianarisoa;0;wallettobank;28400;616915836;616944236;f7e2627e-e5d7-405b-9a21-4de3db572b0b;WTB
07/09/2026 07:06:44;6760466768;Completed;0387890678;0385344178;C;Frederic;0;wallettobank;198000;617468136;617666136;6b68269b-b1be-46fd-b9fa-14271e11e73c;WTB
07/09/2026 07:07:20;6760524870;Completed;0340651959;0385344178;C;Razafindratsila;0;wallettobank;20000;617666136;617686136;46121aba-960c-47ca-a84b-d07894af7f9b;WTB
07/09/2026 06:50:43;6759701869;Completed;0389923091;0385344178;C;RABEMANANTSOA;0;wallettobank;460000;616944236;617404236;2e55f15f-3004-4390-adca-a154265ea3ef;WTB
07/09/2026 07:14:05;6760866160;Completed;0341345774;0385344178;C;RANDRIAMAMISOA;0;wallettobank;100000;617706136;617806136;01a36c0b-b234-4a2d-8029-42743e44bbdb;WTB
07/09/2026 06:56:56;6759981366;Completed;0343162201;0385344178;C;MAMITINAVATOSOA;0;wallettobank;20000;617404236;617424236;0bb92427-d545-4c5a-bba7-f3fcfc3a2e9b;WTB
07/09/2026 07:08:12;6760541640;Completed;0380247473;0385344178;C;NERIMALALA;0;wallettobank;10000;617686136;617696136;6047d5e7-f2e9-4170-891c-f5475fb22f2b;WTB
07/09/2026 07:08:12;6760562932;Completed;0340651959;0385344178;C;Razafindratsila;0;wallettobank;10000;617696136;617706136;ab82053e-d2ed-4391-bca9-a9659f268469;WTB
07/09/2026 07:02:23;6760286730;Completed;0389658036;0385344178;C;ANDRIAMANOHISOA MAMINANDRIANINA SEDRA FINOANA;0;wallettobank;43900;617424236;617468136;c4a1b60a-ce15-4259-8a27-d25f3879695e;WTB
07/09/2026 07:27:05;6761631202;Completed;0340177853;0385344178;C;RALIVAOMALALA VEROSOA;0;wallettobank;240000;618305836;618545836;b11d9082-2bb8-4716-ae86-acadc66d6edc;WTB
07/09/2026 07:36:06;6762177248;Completed;0340817501;0385344178;C;ARIMALALA;0;wallettobank;260000;622980436;623240436;50a403cc-859d-425a-af20-9ad9f590cbea;WTB
07/09/2026 07:27:23;6761663603;Completed;0347457874;0385344178;C;RASOANADANINA;0;wallettobank;363000;618545836;618908836;b6b3d917-b776-4b6d-af6a-7babe3bb5c0a;WTB
07/09/2026 07:44:54;6762768281;Completed;0388939961;0385344178;C;RATSIMANIRIMANANA;0;wallettobank;50000;623320836;623370836;c072229d-eab5-4434-8501-16495fabdd4c;WTB
07/09/2026 07:51:46;6763294093;Completed;0389773923;0385344178;C;RASOLOFO;0;wallettobank;56000;624281687;624337687;56814b91-bdfe-4639-b0e0-53f714aa82b1;WTB
07/09/2026 07:19:44;6761192335;Completed;0384884716;0385344178;C;RANAIVOMANANA;0;wallettobank;219700;617806136;618025836;7b38da1a-40c1-49d7-8d96-adf942fe83b7;WTB
07/09/2026 07:30:21;6761843691;Completed;0382293777;0385344178;C;NISANANTENAINA;0;wallettobank;3651000;619129436;622780436;7b06c475-cb8c-43f5-8c6a-859266ea2530;WTB
07/09/2026 07:37:22;6762301872;Completed;0387928597;0385344178;C;MARIE SOLIE LACIENNE;0;wallettobank;400;623240436;623240836;488590a1-3587-4651-8174-55efaa0ac824;WTB
07/09/2026 07:29:17;6761772732;Completed;0383383337;0385344178;C;VELONDAZA;0;wallettobank;220600;618908836;619129436;7cc7d393-cbde-484d-813f-492307875706;WTB
07/09/2026 07:52:12;6763326359;Completed;0343723430;0385344178;C;MAROSANDRATANA YVON;0;wallettobank;310000;624337687;624647687;d5da54d6-2f3e-4290-a40f-ec634d0f7dc5;WTB
07/09/2026 07:25:56;6761564263;Completed;0348499765;0385344178;C;BRUNO;0;wallettobank;280000;618025836;618305836;831f1803-6fa4-4390-bd7c-99458bc5db83;WTB
07/09/2026 07:38:55;6762388237;Completed;0388608310;0385344178;C;RAKOTOMALALANIRINA;0;wallettobank;80000;623240836;623320836;7bd12f44-6ae1-410d-82e3-624c1c32c53c;WTB
07/09/2026 07:52:38;6763354268;Completed;0341967086;0385344178;C;RABEMALAZA;0;wallettobank;264600;624647687;624912287;f44c5d48-4ad1-4469-990f-27bf3b288d19;WTB
07/09/2026 07:46:25;6762913993;Completed;0387928597;0385344178;C;MARIE SOLIE LACIENNE;0;wallettobank;180100;623370836;623550936;db1edd60-e9e5-4f02-bfc8-380ef15394e1;WTB
07/09/2026 07:35:08;6762112729;Completed;0341208218;0385344178;C;RASOARIMALALA;0;wallettobank;200000;622780436;622980436;38814457-7b73-4a97-818b-e44499c46258;WTB
07/09/2026 07:47:00;6762948363;Completed;0342487853;0385344178;C;heriniaina;0;wallettobank;400000;623550936;623950936;2dba21c5-4f9e-486f-9479-e8c288355d1d;WTB
07/09/2026 07:47:24;6762972562;Completed;0385952965;0385344178;C;Andriamalala;0;wallettobank;55300;623950936;624006236;6649b4b0-ca18-490d-aae4-c0d090ac5b27;WTB
07/09/2026 07:47:25;6762950199;Completed;0389422404;0385344178;C;MARINJARA;0;wallettobank;138000;624006236;624144236;e96733f5-e8c8-4289-9aea-f5d2f18ce661;WTB
07/09/2026 07:47:26;6762990607;Completed;0382899190;0385344178;C;ANDRIANIAINA;0;wallettobank;135000;624144236;624279236;4ee9ceba-50c5-4cf1-9f61-6ca79b9340c6;WTB
07/09/2026 07:47:31;6762957288;Completed;0388939961;0385344178;C;RATSIMANIRIMANANA;0;wallettobank;2451;624279236;624281687;b483879f-47ce-49a3-8f57-c93fe4a20204;WTB
07/09/2026 07:55:48;6763605184;Completed;0384338098;0385344178;C;GERMAIN;0;wallettobank;150000;624912287;625062287;f0b13c74-df8c-4d17-a407-68cb7443659b;WTB
07/09/2026 07:56:59;6763662410;Completed;0389088253;0385344178;C;KAMARIDDINE;0;wallettobank;315000;625062287;625377287;872fd17d-2409-4ae8-a0d0-d48688e7413a;WTB
07/09/2026 07:57:11;6763660815;Completed;0387948238;0385344178;C;VAVITSARA;0;wallettobank;134100;625377287;625511387;19cace5e-8f3c-4a1f-a44d-6f1030e92d39;WTB
07/09/2026 07:57:26;6763724030;Completed;0345212120;0385344178;C;randrianarisoa;0;wallettobank;182000;625514187;625696187;f3b78bfa-66d7-41ef-bd4b-c67f81bdea67;WTB
07/09/2026 07:57:25;6763719253;Completed;0348163230;0385344178;C;RASOLOMAMPIONONA;0;wallettobank;2800;625511387;625514187;dedbb975-15ea-40d0-ae98-4cb0f6c3a841;WTB
07/09/2026 07:57:45;6763720587;Completed;0385051952;0385344178;C;RANDRIAMALALA;0;wallettobank;255000;625696187;625951187;547987a2-73ea-4430-9e2b-5213a414484b;WTB
07/09/2026 07:57:52;6763727222;Completed;0388414758;0385344178;C;BAOMAHITSY;0;wallettobank;200000;625951187;626151187;ae6a7723-f63e-4af5-af8b-029939b3fe43;WTB
07/09/2026 08:29:37;6766304790;Completed;0345379471;0385344178;C;Rasamimanana;0;wallettobank;60000;631973787;632033787;3a7c7cd9-fd49-4725-ba86-ec3f3f4e44ec;WTB
07/09/2026 07:58:56;6763793323;Completed;0388913180;0385344178;C;Nirina;0;wallettobank;755000;626151187;626906187;a904cbc7-6eda-494e-9c9e-a0264e6be219;WTB
07/09/2026 08:00:04;6763906714;Completed;0381073351;0385344178;C;RASOANILANA;0;wallettobank;788600;626906187;627694787;0ed22c0b-fdf2-455b-b4f6-1b4817913ac4;WTB
07/09/2026 08:53:05;6768337636;Completed;0382631353;0385344178;C;RAKOTOSEHENO;0;wallettobank;2000;636955087;636957087;1b855bd5-df44-4854-8444-acdc822ed273;WTB
07/09/2026 08:09:00;6764577515;Completed;0343950634;0385344178;C;NDRENARIVELO;0;wallettobank;530000;627694787;628224787;f846c3e7-5cee-4ed0-bb6f-478cfdb48d4e;WTB
07/09/2026 08:09:07;6764599327;Completed;0389658036;0385344178;C;ANDRIAMANOHISOA MAMINANDRIANINA SEDRA FINOANA;0;wallettobank;200000;628224787;628424787;edfee763-62b5-48f5-8acb-7a71dc7f5f64;WTB
07/09/2026 08:40:34;6767277955;Completed;0384849301;0385344178;C;RAZAFINDRAJAOFALIA;0;wallettobank;310000;632526087;632836087;2b3fb8c3-acae-4419-ade5-2c1167a04d39;WTB
07/09/2026 08:09:37;6764655759;Completed;0386661219;0385344178;C;RANDRIAMAMPIANINA;0;wallettobank;613000;628424787;629037787;c47c4c2b-9696-4c97-bbd1-db1789610177;WTB
07/09/2026 08:23:02;6765764579;Completed;0340818570;0385344178;C;Tadahy;0;wallettobank;300000;629191787;629491787;4a462536-5d4d-46c1-a150-025235954189;WTB
07/09/2026 12:32:28;6786333457;Completed;0346550382;0385344178;C;FATRATRAMAMONJIHERITIANA;0;wallettobank;40000;696581348;696621348;a66fffc9-221f-422a-ae90-2354081256e5;WTB
07/09/2026 08:40:45;6767252167;Completed;0386177031;0385344178;C;RAKOLETINIRINA;0;wallettobank;601000;632836087;633437087;7d887f3c-8e4a-4f4c-ba8d-7879f731aa7a;WTB
07/09/2026 08:53:21;6768369229;Completed;0389422404;0385344178;C;MARINJARA;0;wallettobank;17800;636957087;636974887;71732f79-6482-4095-91b2-ed7e55ef5762;WTB
07/09/2026 08:15:29;6765138472;Completed;0380652152;0385344178;C;Hasimbolatiana;0;wallettobank;70000;629037787;629107787;2fe6599e-e040-4716-a9db-29f70956bd9e;WTB
07/09/2026 08:24:10;6765867394;Completed;0347458404;0385344178;C;RAZAFINDRAKOTO;0;wallettobank;297000;629491787;629788787;334f2ee1-e59c-465f-9baa-569b73438cce;WTB
07/09/2026 08:18:03;6765304701;Completed;0342901468;0385344178;C;RASOLOFONIAINA;0;wallettobank;84000;629107787;629191787;fe92defa-9330-495d-b89e-9eca564b95dc;WTB
07/09/2026 08:24:25;6765853566;Completed;0342179915;0385344178;C;benjara;0;wallettobank;1390000;629788787;631178787;14ed2dac-06f6-4725-8c54-7737da81b13f;WTB
07/09/2026 08:31:59;6766528255;Completed;0387376900;0385344178;C;RAZAFINDRAZAKA;0;wallettobank;100000;632033787;632133787;169ed6fb-070d-462b-ad57-68ac5a75d0e3;WTB
07/09/2026 08:53:52;6768439062;Completed;0382061411;0385344178;C;LANTOARISOA;0;wallettobank;300000;636974887;637274887;f23fd004-d75b-445d-9fae-a88353aacc66;WTB
07/09/2026 08:32:39;6766567911;Completed;0383524871;0385344178;C;ANDRIAMAHEFARIVO;0;wallettobank;41000;632133787;632174787;2ae503c7-93c5-4af5-a93f-61b0530debed;WTB
07/09/2026 09:27:59;6771488232;Completed;0380795491;0385344178;C;ANDRITIANA;0;wallettobank;911400;649691187;650602587;a66ad8d2-bc47-42f5-ae92-f4c1b9f9f747;WTB
07/09/2026 08:26:22;6766033790;Completed;0348360018;0385344178;C;RANDRIAMANANARIVO;0;wallettobank;510000;631178787;631688787;33728934-b923-4324-a4cb-e41f9c4cc032;WTB
07/09/2026 08:26:26;6766041507;Completed;0384694394;0385344178;C;ERNESTINE;0;wallettobank;285000;631688787;631973787;b91b88aa-3ddf-4d87-9634-ffc0af435b59;WTB
07/09/2026 09:42:26;6772801773;Completed;0381117599;0385344178;C;RASOLOMANANA;0;wallettobank;470700;653727687;654198387;5d667ba9-062c-47d6-912d-231bef1f2ded;WTB
07/09/2026 08:42:41;6767430423;Completed;0389787641;0385344178;C;RAFIDY;0;wallettobank;500;633437087;633437587;3c6b7002-ad41-45b1-906e-4e038d6458f2;WTB
07/09/2026 08:34:42;6766747600;Completed;0382899190;0385344178;C;ANDRIANIAINA;0;wallettobank;320000;632174787;632494787;db2fa388-8f9d-460a-b173-c5bb6832ba11;WTB
07/09/2026 12:32:33;6786370076;Completed;0383824631;0385344178;C;Andriamanandaza;0;wallettobank;245000;696621348;696866348;806e3850-052d-44a1-9e0a-221ebeac657e;WTB
07/09/2026 08:54:26;6768447794;Completed;0344344290;0385344178;C;rasolomampionona;0;wallettobank;125000;637274887;637399887;6c6b4f83-4b0e-4ac2-9478-1a41b7ad1048;WTB
07/09/2026 09:28:16;6771550178;Completed;0341369631;0385344178;C;CHRISTOPHE;0;wallettobank;60000;650602587;650662587;17d7e744-6547-498c-b194-a32b38477be3;WTB
07/09/2026 08:43:10;6767507012;Completed;0387691824;0385344178;C;BELALAHY;0;wallettobank;140000;633437587;633577587;b1e301c2-6933-4be7-a8b7-3f3db60b9605;WTB
07/09/2026 09:28:19;6771549133;Completed;0381697861;0385344178;C;Honorine;0;wallettobank;451600;650662587;651114187;eb2c9212-1ec8-478d-8e51-e769f2859dab;WTB
07/09/2026 08:43:21;6767510157;Completed;0345120290;0385344178;C;Rasolondraibe Andriamparany;0;wallettobank;188000;633577587;633765587;b9e8ecdd-a40e-4733-baf2-ddcb72faad6f;WTB
07/09/2026 09:42:42;6772815329;Completed;0344091904;0385344178;C;rasy;0;wallettobank;295000;654198387;654493387;3e8dfb07-978c-4c1c-b45c-c3f3991f60d8;WTB
07/09/2026 09:04:17;6769345786;Completed;0383129402;0385344178;C;RAZAFIMAMPIONONA;0;wallettobank;2550000;640827587;643377587;c009b388-3749-4bfc-9e34-6cf696117456;WTB
07/09/2026 08:48:59;6768004664;Completed;0348286410;0385344178;C;Ratsitakonana;0;wallettobank;360500;635887587;636248087;a7465a45-855c-434b-b164-24f3d3224f99;WTB
07/09/2026 08:39:21;6767136623;Completed;0343451210;0385344178;C;EVENJALISITA;0;wallettobank;31300;632494787;632526087;2dd10b0e-5186-42f1-8b0e-90735cbf1f79;WTB
07/09/2026 08:44:23;6767578364;Completed;0383923044;0385344178;C;GISELE;0;wallettobank;80000;633765587;633845587;c6eff720-fb74-485a-9738-e14712b32653;WTB
07/09/2026 08:45:20;6767696251;Completed;0346845403;0385344178;C;HELINIRINA;0;wallettobank;10000;633845587;633855587;8c658e74-941b-43cb-ab22-68c925ebba4d;WTB
07/09/2026 08:45:26;6767694212;Completed;0384862978;0385344178;C;RASAMOELINA;0;wallettobank;30000;633855587;633885587;cea99fbd-d858-434b-bdd8-0103b42efabe;WTB
07/09/2026 08:45:44;6767728595;Completed;0341903219;0385344178;C;ZANAMANGA;0;wallettobank;210000;633885587;634095587;86732422-6a47-47e9-945a-86f4d2284b0e;WTB
07/09/2026 10:23:27;6776376048;Completed;0342622324;0385344178;C;rakotomanga;0;wallettobank;40000;662992348;663032348;ecfd623c-19e2-4f61-8dbe-1bbe59ff5619;WTB
07/09/2026 09:05:09;6769449332;Completed;0384388426;0385344178;C;Noel;0;wallettobank;246600;643377587;643624187;4a9255f2-c257-425c-9e5a-3270a8e66222;WTB
07/09/2026 08:55:59;6768611469;Completed;0340963752;0385344178;C;MINONIRINA;0;wallettobank;20000;637399887;637419887;4cdfecae-4dd5-412c-b52e-73e982cc5962;WTB
07/09/2026 08:47:27;6767880424;Completed;0342430318;0385344178;C;MEVALINE;0;wallettobank;1032000;634395587;635427587;2e8a1fd4-c57f-4b25-b165-d4c40c7b3620;WTB
07/09/2026 08:47:11;6767812227;Completed;0343209355;0385344178;C;Randriamaheninarivo;0;wallettobank;300000;634095587;634395587;bedad444-bd35-4fa5-b102-a67a0672b864;WTB
07/09/2026 08:56:09;6768639096;Completed;0340945701;0385344178;C;HERINIAINA;0;wallettobank;500000;637419887;637919887;452710da-9ba8-4516-8819-608fb1ba31c7;WTB
07/09/2026 16:20:51;6801099161;Completed;0388336768;0385344178;C;SAID;0;wallettobank;190000;778115595;778305595;52546b6c-9adb-42c6-94d1-81f9dc517ac6;WTB
07/09/2026 08:56:22;6768637398;Completed;0349480923;0385344178;C;TANIA ALBERTINIE;0;wallettobank;170000;637919887;638089887;3e1ca067-6f1f-476e-828d-a73d00d5f9c8;WTB
07/09/2026 08:48:36;6767943527;Completed;0384282811;0385344178;C;ZAVARINA;0;wallettobank;460000;635427587;635887587;d6e29847-0e0b-4685-892b-2120463d9d57;WTB
07/09/2026 14:20:55;6793048317;Completed;0384681055;0385344178;C;Ramilison;0;wallettobank;373000;733748039;734121039;e90cc575-be5b-4f87-bd22-ae4724938eea;WTB
07/09/2026 09:05:57;6769495507;Completed;0380255448;0385344178;C;Rakotomamonjy;0;wallettobank;1200000;643624187;644824187;051992ab-914c-42a5-bfea-dcf8a558ee3d;WTB
07/09/2026 08:56:50;6768692001;Completed;0347975855;0385344178;C;RAHELIFANJA;0;wallettobank;1259200;638089887;639349087;59ff1030-d035-4a1a-a054-620dc202f807;WTB
07/09/2026 08:50:55;6768143250;Completed;0345788277;0385344178;C;MONJALISON;0;wallettobank;200000;636248087;636448087;0b0731ae-f404-45b8-9d07-623bcd8ae678;WTB
07/09/2026 08:50:56;6768146914;Completed;0389624929;0385344178;C;HONORE;0;wallettobank;75000;636448087;636523087;e0f81623-f718-40a0-ab26-71d42b70233c;WTB
07/09/2026 08:51:32;6768204109;Completed;0346550382;0385344178;C;FATRATRAMAMONJIHERITIANA;0;wallettobank;432000;636523087;636955087;c193b230-858e-4ad4-a5c4-47216582cdb5;WTB
07/09/2026 08:58:06;6768790644;Completed;0344622566;0385344178;C;lalaoarimasy;0;wallettobank;758500;639349087;640107587;cfcdd20f-41fb-4e79-8b72-d6a9d360e76a;WTB
07/09/2026 08:58:29;6768849797;Completed;0340945701;0385344178;C;HERINIAINA;0;wallettobank;500000;640107587;640607587;5c26e13f-72b9-4cdb-a271-e301b5271f3f;WTB
07/09/2026 09:01:04;6769076278;Completed;0381458909;0385344178;C;Rabemiharimanana;0;wallettobank;220000;640607587;640827587;fc7b6d48-1699-4165-bb1e-6a3df658bd83;WTB
07/09/2026 09:08:54;6769775159;Completed;0344177075;0385344178;C;ANDRY FAHAMARINANA;0;wallettobank;1184000;644824187;646008187;163ee240-a553-476f-a9ab-1fe077c9d368;WTB
07/09/2026 09:09:00;6769759682;Completed;0345520655;0385344178;C;RAKOTONIRAINY;0;wallettobank;927000;646008187;646935187;43cc1062-249b-47d6-85f3-966aa43e5951;WTB
07/09/2026 10:23:59;6776446996;Completed;0341073568;0385344178;C;BELALAHY JEAN FRANCISCO;0;wallettobank;220000;663032348;663252348;5e9e767d-4b4d-455f-8dcb-23134a975990;WTB
07/09/2026 09:09:18;6769823396;Completed;0383829238;0385344178;C;RAKOTOMANGA;0;wallettobank;233100;646935187;647168287;da63c617-f74c-42fe-bec9-a8b1792d5736;WTB
07/09/2026 09:10:28;6769916940;Completed;0383598835;0385344178;C;Ranaivomanana;0;wallettobank;30000;647168287;647198287;ee768a2a-73f9-406d-896f-9d4d0aa9558b;WTB
07/09/2026 09:12:25;6770115232;Completed;0341618814;0385344178;C;FETRANIAINA;0;wallettobank;18500;647198287;647216787;3685da98-df4e-4739-af95-b4f7d1530809;WTB
07/09/2026 09:12:29;6770099827;Completed;0384384329;0385344178;C;FENOMANANJANAHARY;0;wallettobank;608000;647216787;647824787;133b9acc-53e7-421e-bbb8-e74ad5e34113;WTB
07/09/2026 09:12:34;6770123262;Completed;0340419551;0385344178;C;RAZAFINJOHARY;0;wallettobank;351000;647824787;648175787;b1d65eee-62ad-4ea8-b25b-9574a4454413;WTB
07/09/2026 09:12:57;6770128502;Completed;0384747340;0385344178;C;Ndimbinirina;0;wallettobank;294000;648175787;648469787;83977393-3fd0-48d5-8598-7d76fb8e66e3;WTB
07/09/2026 09:30:28;6771704805;Completed;0348014391;0385344178;C;Ravaonasolo;0;wallettobank;259000;651114187;651373187;00e1c89b-e381-4a49-aa58-518576b16ab5;WTB
07/09/2026 09:14:23;6770254368;Completed;0388748511;0385344178;C;OLGA;0;wallettobank;291600;648469787;648761387;cf996cf9-8d09-4875-b560-dc18d04f55c4;WTB
07/09/2026 09:19:42;6770775075;Completed;0347221892;0385344178;C;RAFALIMANANA;0;wallettobank;213000;648861387;649074387;a18fab66-e572-4680-9271-29325aea7abf;WTB
07/09/2026 10:53:54;6778916313;Completed;0340781929;0385344178;C;RAMANANDRAIBE;0;wallettobank;92000;669474948;669566948;fc403d2e-9299-44dd-affb-53a65c397432;WTB
07/09/2026 09:15:09;6770363969;Completed;0341922669;0385344178;C;RAZAFINDRAKOTO;0;wallettobank;100000;648761387;648861387;75c7e21c-a150-43b6-9cc7-561f1f2a2ddb;WTB
07/09/2026 09:45:32;6773056655;Completed;0383598835;0385344178;C;Ranaivomanana;0;wallettobank;89500;654493387;654582887;c913bf97-5909-4767-8bb3-a6451a78fc7d;WTB
07/09/2026 09:19:58;6770785631;Completed;0347630389;0385344178;C;Odisy;0;wallettobank;90000;649074387;649164387;a188b3cb-e891-44b4-81cd-1bde1f894109;WTB
07/09/2026 09:20:13;6770819519;Completed;0347637380;0385344178;C;Maresimana;0;wallettobank;350000;649164387;649514387;847cd5a4-446d-4d85-a883-9ff67cbf9ddd;WTB
07/09/2026 16:21:01;6801112935;Completed;0387877452;0385344178;C;RAZAFINDRABE;0;wallettobank;309700;778305595;778615295;9af5d033-8b9f-46ca-8d7f-ca20882e4329;WTB
07/09/2026 09:22:29;6771018972;Completed;0349098107;0385344178;C;Rasolofomanana;0;wallettobank;110000;649514387;649624387;e8786393-b4a7-4eb9-87ca-c7c2e378c2cc;WTB
07/09/2026 09:23:39;6771120832;Completed;0342971370;0385344178;C;RASOAMANANTENA;0;wallettobank;66800;649624387;649691187;b6e3e7e4-42e2-4b3d-8d33-ccae877c4db8;WTB
07/09/2026 09:32:07;6771875961;Completed;0384221747;0385344178;C;Randriamampisaina;0;wallettobank;45500;651373187;651418687;ca9e6be0-977c-44c8-8801-e88be692f7b8;WTB
07/09/2026 10:54:16;6778934855;Completed;0347174247;0385344178;C;razafimanga;0;wallettobank;4717000;669566948;674283948;c4764b3e-bbc2-414b-b901-d80e9dec177c;WTB
07/09/2026 10:24:46;6776519805;Completed;0386299598;0385344178;C;Raharisoa;0;wallettobank;140000;663252348;663392348;091ef234-0085-457a-b40a-b3cb8ceeefda;WTB
07/09/2026 09:34:06;6772063299;Completed;0346845403;0385344178;C;HELINIRINA;0;wallettobank;410000;651418687;651828687;40885794-909c-4d1d-a60a-83bff7837f25;WTB
07/09/2026 09:53:49;6773799079;Completed;0383598835;0385344178;C;Ranaivomanana;0;wallettobank;144800;655274687;655419487;8ab461b9-0fda-4b0a-8326-ee3111c78dfb;WTB
07/09/2026 09:48:27;6773341326;Completed;0340975177;0385344178;C;RAKOTONDRASOA;0;wallettobank;575300;654582887;655158187;dde138d2-e0c3-41ff-9019-ae6055c83886;WTB
07/09/2026 10:54:31;6778968983;Completed;0345987748;0385344178;C;ranaivosonfaniry;0;wallettobank;303100;674283948;674587048;4846ab66-48fd-4179-9976-961260ed0ff0;WTB
07/09/2026 09:35:31;6772154501;Completed;0340419551;0385344178;C;RAZAFINJOHARY;0;wallettobank;270000;651828687;652098687;cd2b9016-00c9-4e2c-9e88-d2dd7a9fa34d;WTB
07/09/2026 09:35:49;6772193861;Completed;0349937072;0385344178;C;Rivoarilala;0;wallettobank;317000;652098687;652415687;a2c8630e-0d5b-4106-b6b2-03f4496c8ce5;WTB
07/09/2026 09:36:30;6772243614;Completed;0341360209;0385344178;C;RABEMILISON;0;wallettobank;697000;652415687;653112687;c4f7adb7-a20d-47db-9137-f80c288492b9;WTB
07/09/2026 10:05:13;6774803816;Completed;0382061411;0385344178;C;LANTOARISOA;0;wallettobank;90000;657704287;657794287;5f31a1c4-94e7-4c37-abe8-dade97cd5ed8;WTB
07/09/2026 09:49:21;6773411405;Completed;0383598835;0385344178;C;Ranaivomanana;0;wallettobank;116500;655158187;655274687;b67297b6-bb64-49a9-8417-b4a4f3a58934;WTB
07/09/2026 09:36:59;6772323277;Completed;0343727862;0385344178;C;randrianarisoa;0;wallettobank;455000;653112687;653567687;7a3216ca-056e-4793-8ba0-e75dcd90091b;WTB
07/09/2026 10:25:33;6776558744;Completed;0386956542;0385344178;C;ANDRIAMANANJARASOA;0;wallettobank;492500;663392348;663884848;7336b047-a44d-4290-9f62-6668937e5691;WTB
07/09/2026 10:54:54;6778985174;Completed;0383598835;0385344178;C;Ranaivomanana;0;wallettobank;265100;674587048;674852148;ed04f615-e92f-498c-86e0-fb505666ade5;WTB
07/09/2026 12:33:26;6786448957;Completed;0346550382;0385344178;C;FATRATRAMAMONJIHERITIANA;0;wallettobank;60000;696866348;696926348;94d9f96a-bde9-41f6-b5f8-8bfcf60c0433;WTB
07/09/2026 10:05:49;6774820920;Completed;0383112485;0385344178;C;Voninalilandy;0;wallettobank;283600;657794287;658077887;be96a5d7-59ad-407d-a86e-0fbaacde1726;WTB
07/09/2026 10:06:11;6774857730;Completed;0349920448;0385344178;C;SAHOLINIRINAMAMISOANIAINA;0;wallettobank;561700;658077887;658639587;7d832ff6-1d9f-4c27-8340-5c1611e89bb0;WTB
07/09/2026 09:41:38;6772712870;Completed;0384877550;0385344178;C;RAMAMIARILAFATRA;0;wallettobank;160000;653567687;653727687;33ee636e-3245-4529-9002-1d6a1cbfaaea;WTB
07/09/2026 10:55:20;6779049796;Completed;0344606851;0385344178;C;bezandry;0;wallettobank;10000;674852148;674862148;7a07882f-01a6-4c21-8a29-e94e9de02399;WTB
07/09/2026 10:26:19;6776634437;Completed;0345680579;0385344178;C;Rabarison;0;wallettobank;1300;663884848;663886148;e8cf6fef-773a-4651-86c6-9044d2360152;WTB
07/09/2026 11:30:11;6781799963;Completed;0340380074;0385344178;C;JAVILAZA;0;wallettobank;2000000;682717748;684717748;fac8769f-2b8a-4889-a96d-282523724a98;WTB
07/09/2026 11:30:13;6781809231;Completed;0386902107;0385344178;C;RAZANAMANANA;0;wallettobank;2346300;684717748;687064048;16e4811f-2922-4cd2-aa58-2c818e6b4476;WTB
07/09/2026 10:55:53;6779061112;Completed;0383791822;0385344178;C;Voahanginirina;0;wallettobank;600000;674862148;675462148;e2588843-1c50-40a9-b579-8f3590a48099;WTB
07/09/2026 09:53:52;6773813319;Completed;0381736262;0385344178;C;RANOROTIANA;0;wallettobank;559600;655419487;655979087;7f9a8fd7-f878-41bb-93d6-8a40273b7a2e;WTB
07/09/2026 20:24:30;6815839057;Completed;0340622561;0385344178;C;ANDRIANAVALONARAKOTOARISOA;0;wallettobank;240000;850232255;850472255;332bc2b1-b6ad-4ab1-aa94-11166a22d238;WTB
07/09/2026 09:55:35;6773958853;Completed;0349497066;0385344178;C;RAKOTOARIVELO;0;wallettobank;280000;655979087;656259087;59b1aaaa-5cc6-4170-b1f5-f403c4a32194;WTB
07/09/2026 10:09:52;6775189014;Completed;0388913180;0385344178;C;Nirina;0;wallettobank;22800;658639587;658662387;96ac0517-f4b5-47f8-88bc-8a67112378b9;WTB
07/09/2026 09:57:43;6774131277;Completed;0382475782;0385344178;C;MENDRIKA;0;wallettobank;905000;656259087;657164087;edba9a58-95c6-4424-927c-6ea666d06cde;WTB
07/09/2026 09:58:14;6774176434;Completed;0342653305;0385344178;C;Rakotomalala;0;wallettobank;217000;657164087;657381087;d1018398-b921-4448-9938-8bc7b545b357;WTB
07/09/2026 10:56:49;6779134805;Completed;0389900249;0385344178;C;RASANDISON;0;wallettobank;900000;675462148;676362148;4a6a1a60-e155-4f0c-8fbc-acc061edf9b9;WTB
07/09/2026 10:00:06;6774345957;Completed;0381403023;0385344178;C;ANDRIATSIFERANA;0;wallettobank;50000;657381087;657431087;22370da3-b710-4874-b042-842fa29cc082;WTB
07/09/2026 10:00:26;6774395972;Completed;0349475490;0385344178;C;Ranarimamonjy;0;wallettobank;273200;657431087;657704287;9dab5341-62ae-4119-9571-3889a1c35a9f;WTB
07/09/2026 11:31:07;6781892847;Completed;0385613807;0385344178;C;Ravelohasintsoa;0;wallettobank;2000;687064048;687066048;67df881d-26c1-4060-9473-dff32c3dc165;WTB
07/09/2026 10:11:30;6775346237;Completed;0382814813;0385344178;C;Veronirina;0;wallettobank;1400000;658662387;660062387;4b1842b2-9dff-49ff-97b6-9fde5adb38ac;WTB
07/09/2026 14:22:01;6793106378;Completed;0341260492;0385344178;C;ranesa;0;wallettobank;500000;734121039;734621039;c3687a45-6b40-4ab8-83f3-05bb084fa353;WTB
07/09/2026 10:30:09;6776950680;Completed;0385613807;0385344178;C;Ravelohasintsoa;0;wallettobank;300000;663886148;664186148;eccabec5-cfb8-4fb0-bc23-093ab6acd675;WTB
07/09/2026 10:16:34;6775796701;Completed;0383312812;0385344178;C;NORO VOAHANGY HERIFANIRIARISOA;0;wallettobank;123000;660062387;660185387;032c16ec-4fae-49d8-82e6-831dfa9f377d;WTB
07/09/2026 10:17:14;6775850809;Completed;0342180799;0385344178;C;ONJANIRINA;0;wallettobank;620000;660185387;660805387;1ec493ea-8463-44a1-af8b-48ec63c3f06c;WTB
07/09/2026 10:17:18;6775849585;Completed;0349179099;0385344178;C;MAROLAHY;0;wallettobank;107000;660805387;660912387;c61ba42a-b46d-4932-bb60-47724f609a4b;WTB
07/09/2026 10:31:34;6777076861;Completed;0389197576;0385344178;C;MARIE ARISTIDE;0;wallettobank;715200;664186148;664901348;1bbfb3e6-a014-4a76-819b-6520cf8ac3ae;WTB
07/09/2026 14:22:29;6793146015;Completed;0389627623;0385344178;C;TSAKANIASA;0;wallettobank;207000;734621039;734828039;984f1575-362d-47cd-b75a-1713e5b77253;WTB
07/09/2026 10:33:10;6777232666;Completed;0389422404;0385344178;C;MARINJARA;0;wallettobank;510400;664901348;665411748;054382f2-71bd-4bf2-a74b-efc693ba5320;WTB
07/09/2026 10:21:46;6776255691;Completed;0385532409;0385344178;C;TITA MICKAEL;0;wallettobank;460000;660912387;661372387;29c8c4e4-2467-4427-a497-18f545f69e9b;WTB
07/09/2026 10:21:56;6776245308;Completed;0387142144;0385344178;C;RAKOTOARISOA;0;wallettobank;1619961;661372387;662992348;45bc4081-bea1-4eea-b216-8b3cda9c4af0;WTB
07/09/2026 10:34:08;6777265894;Completed;0343723430;0385344178;C;MAROSANDRATANA YVON;0;wallettobank;339500;665411748;665751248;6596b171-bcea-4c0b-937e-bb320a8ed8a5;WTB
07/09/2026 10:35:34;6777411161;Completed;0346738523;0385344178;C;rabezara;0;wallettobank;900000;665751248;666651248;82a1f2f1-5dd8-4a73-ab4f-3e97b5706470;WTB
07/09/2026 12:36:06;6786601298;Completed;0382395574;0385344178;C;TAMBAZY;0;wallettobank;205500;696926348;697131848;95b32a6d-f8f5-47d7-bda4-60d321d7abc5;WTB
07/09/2026 10:38:16;6777641889;Completed;0383219739;0385344178;C;PAUL;0;wallettobank;307000;666651248;666958248;331c706d-9ac9-4686-a0fd-4053eff72897;WTB
07/09/2026 10:40:28;6777802091;Completed;0385401719;0385344178;C;RAHERINIAINA;0;wallettobank;182000;666958248;667140248;af3dcf30-c6a0-4e13-8f22-6d778c5b9b46;WTB
07/09/2026 10:40:35;6777810973;Completed;0384949380;0385344178;C;RAZINARIVO;0;wallettobank;183000;667140248;667323248;184f1f31-f553-4772-be42-52aa73428eb6;WTB
07/09/2026 10:41:02;6777856515;Completed;0340285630;0385344178;C;Jean de Dieu;0;wallettobank;209000;667323248;667532248;5b647eba-980e-4302-8892-b31bfba93b8f;WTB
07/09/2026 10:41:29;6777888670;Completed;0384765259;0385344178;C;RAKOTORAHALAHY;0;wallettobank;295000;667532248;667827248;9a3c9542-bc67-4ff1-854d-8cb0cfad32f3;WTB
07/09/2026 10:41:47;6777948232;Completed;0343074708;0385344178;C;Voahangy Marie Estelle;0;wallettobank;222000;667827248;668049248;02cb5d91-42f2-45f0-855c-b28c31286a0a;WTB
07/09/2026 12:36:55;6786679909;Completed;0388625823;0385344178;C;JOSE MICHEL;0;wallettobank;245000;697131848;697376848;bf5cbcb5-9ad4-4539-ac7a-8dc7603b3a04;WTB
07/09/2026 10:42:55;6778004253;Completed;0389658036;0385344178;C;ANDRIAMANOHISOA MAMINANDRIANINA SEDRA FINOANA;0;wallettobank;335000;668049248;668384248;1e497854-3bd8-4396-8fe4-fa56c013a35d;WTB
07/09/2026 12:37:08;6786649965;Completed;0344845026;0385344178;C;MAMERY;0;wallettobank;627000;697376848;698003848;0036fd45-0655-4730-979c-cd769db0423d;WTB
07/09/2026 12:37:09;6786669372;Completed;0384054809;0385344178;C;HAJARAMAMPIONONA;0;wallettobank;5000;698003848;698008848;ebf32740-3964-4043-83da-414c0c789054;WTB
07/09/2026 18:29:01;6810412956;Completed;0382657204;0385344178;C;Razafitsitohaina;0;wallettobank;1750000;833829343;835579343;33eae47d-e992-42da-8990-e0291a8f1398;WTB
07/09/2026 10:44:19;6778110735;Completed;0343124732;0385344178;C;HAVATIANA;0;wallettobank;333200;668384248;668717448;038bd6b0-9ddf-451a-90ed-5c6e290c06aa;WTB
07/09/2026 12:37:25;6786666810;Completed;0384940161;0385344178;C;Ramahavatra;0;wallettobank;350000;698008848;698358848;f05552ef-8208-4af3-b42f-eff5597129cd;WTB
07/09/2026 16:22:16;6801238871;Completed;0342940294;0385344178;C;rakotondranaivo fanomezantsoa;0;wallettobank;1552000;778615295;780167295;baac98c6-657d-4ec2-8ad0-ed669543d736;WTB
07/09/2026 10:47:09;6778366132;Completed;0387261098;0385344178;C;RAHELIARISOA;0;wallettobank;206000;668717448;668923448;8f5b558d-9cb6-4674-aa88-a57311956b48;WTB
07/09/2026 10:47:36;6778424997;Completed;0347936012;0385344178;C;DINAMANANA;0;wallettobank;278500;668923448;669201948;f527ce01-4540-44ae-aaf7-5c0110ec4abd;WTB
07/09/2026 11:07:00;6779977193;Completed;0385613807;0385344178;C;Ravelohasintsoa;0;wallettobank;10000;676362148;676372148;37e8237e-287d-42c5-81d7-88e7918718fa;WTB
07/09/2026 20:24:54;6815880564;Completed;0340277402;0385344178;C;Fanomezantsarobidy;0;wallettobank;272000;850472255;850744255;363704ab-feaa-4822-b4e5-3aea5b731a72;WTB
07/09/2026 10:49:48;6778565013;Completed;0380930989;0385344178;C;RANDRIANASOLONIRINA;0;wallettobank;100000;669201948;669301948;07b8ee30-6f28-4bd8-afce-8196e712d61e;WTB
07/09/2026 10:50:35;6778659360;Completed;0340366399;0385344178;C;dimbiniaina;0;wallettobank;125000;669301948;669426948;de0ea9fd-89cb-453f-8ecd-18ca9c569664;WTB
07/09/2026 10:51:41;6778755774;Completed;0389793107;0385344178;C;RAKOTOMAVO;0;wallettobank;48000;669426948;669474948;43851c2c-5d6b-46ac-841e-fb40d9823f89;WTB
07/09/2026 11:37:28;6782389797;Completed;0347679164;0385344178;C;LALAARISOA;0;wallettobank;403800;687066048;687469848;f8623756-7ecd-4aab-93d0-9a5ec6a4381d;WTB
07/09/2026 18:29:15;6810433261;Completed;0340135491;0385344178;C;raherimalala;0;wallettobank;300000;835579343;835879343;05067fe3-3026-4090-b920-8fd0d51cb1fa;WTB
07/09/2026 11:37:28;6782399124;Completed;0382368486;0385344178;C;RAKOTONJANAHARY;0;wallettobank;320000;687469848;687789848;b3134ea4-f999-4e42-8e55-0d486afa8ba5;WTB
07/09/2026 11:08:54;6780122063;Completed;0389619484;0385344178;C;Andrianarisoa;0;wallettobank;3000;676372148;676375148;40aeac76-1c76-4800-9794-3509e09475a4;WTB
07/09/2026 11:09:32;6780165682;Completed;0388327685;0385344178;C;Razanajatovo;0;wallettobank;575000;676375148;676950148;9465e690-4ff1-4ab3-b6b8-81c0f26bca46;WTB
07/09/2026 11:38:53;6782493261;Completed;0381976362;0385344178;C;RASOAMALALA;0;wallettobank;197000;687789848;687986848;bbb3cdbd-bf65-4bc7-82fd-4e9c271e0818;WTB
07/09/2026 11:11:17;6780292094;Completed;0385532409;0385344178;C;TITA MICKAEL;0;wallettobank;113200;676950148;677063348;6e113b70-1dad-48b2-99de-af9f67e5307d;WTB
07/09/2026 11:39:25;6782529532;Completed;0385075865;0385344178;C;RASOAMAMPIANINA;0;wallettobank;100000;687986848;688086848;c4c9a3a7-0f3f-48a9-b044-c999aca9968c;WTB
07/09/2026 11:12:16;6780408415;Completed;0385643138;0385344178;C;RAKOTONIRINAMAHEFA;0;wallettobank;328000;677063348;677391348;de8761c8-7d58-4ec1-aaa6-0e4bbad5a4c9;WTB
07/09/2026 11:12:34;6780394992;Completed;0347061302;0385344178;C;ZARA;0;wallettobank;2500;677391348;677393848;eb5f637f-9fff-46bf-8bc5-1ad4af17c2b0;WTB
07/09/2026 11:14:32;6780551067;Completed;0384314953;0385344178;C;NOMENJANAHARY;0;wallettobank;42000;677393848;677435848;c00f66c5-cdd1-4389-a51f-d76880bf100a;WTB
07/09/2026 11:14:49;6780602476;Completed;0385964578;0385344178;C;Heriliva Honore;0;wallettobank;45600;677435848;677481448;e999e768-5d6c-4e3a-9254-55cb1e461c63;WTB
07/09/2026 16:23:05;6801285660;Completed;0384213181;0385344178;C;Laza Nomenjanahary;0;wallettobank;266000;780167295;780433295;b6bc2e08-54a8-4374-ac52-85b44db6df8f;WTB
07/09/2026 12:41:13;6786927453;Completed;0341024335;0385344178;C;RAFARAMANGA;0;wallettobank;540000;698358848;698898848;761a39cc-66f7-4889-b6ab-834baa2e9023;WTB
07/09/2026 11:16:43;6780747253;Completed;0382011142;0385344178;C;Mialy Veronique;0;wallettobank;1385000;677481448;678866448;e8f86aaa-d517-4264-822a-cb223e458c73;WTB
07/09/2026 11:17:08;6780792631;Completed;0386806700;0385344178;C;Mialiharisoa Olivia;0;wallettobank;207000;678866448;679073448;23844201-e3f6-494f-a808-074fdac05ee6;WTB
07/09/2026 11:18:05;6780844403;Completed;0341302288;0385344178;C;RAZAFY;0;wallettobank;600000;679073448;679673448;dc534419-1e7d-4733-a8e7-84539a947074;WTB
07/09/2026 14:25:43;6793301845;Completed;0341924653;0385344178;C;Marolahy;0;wallettobank;138000;734828039;734966039;7e687f65-bab6-4906-ba15-5544ec50431a;WTB
07/09/2026 11:19:15;6780928824;Completed;0345405964;0385344178;C;RABERAMAHAFALY;0;wallettobank;592000;679673448;680265448;66ea6294-6b6a-4e3b-9256-8fc3e8df30bd;WTB
07/09/2026 11:19:36;6780990961;Completed;0340976583;0385344178;C;Soazafitody;0;wallettobank;886000;680265448;681151448;75991606-3838-4d10-a777-4a5dfaca2d10;WTB
07/09/2026 11:19:39;6780980086;Completed;0341177047;0385344178;C;NARINDRANIAINA;0;wallettobank;113500;681151448;681264948;4953d866-e31a-4c16-8a58-0c2ecafdc6d9;WTB
07/09/2026 20:25:48;6815919724;Completed;0385146143;0385344178;C;Ratodiarivo;0;wallettobank;97000;850744255;850841255;b772c401-0b69-405f-b4c6-70024436ecaa;WTB
07/09/2026 11:22:31;6781225526;Completed;0349282255;0385344178;C;RAKOTOLALANJANAHARY;0;wallettobank;920000;681264948;682184948;110ce5db-5ed8-4591-8de9-28a638825af1;WTB
07/09/2026 11:22:38;6781214170;Completed;0348088086;0385344178;C;RABEHARIVAO;0;wallettobank;128000;682184948;682312948;f02f638d-98e3-4c52-bc6c-055acc390b46;WTB
07/09/2026 11:23:11;6781295507;Completed;0345405964;0385344178;C;RABERAMAHAFALY;0;wallettobank;8000;682312948;682320948;bbbd2617-3fd8-4e48-9441-b85feb867bae;WTB
07/09/2026 11:23:55;6781321720;Completed;0341618124;0385344178;C;Ravololonirina;0;wallettobank;130000;682320948;682450948;49b5df04-cba5-4c54-876e-6ee5273ad008;WTB
07/09/2026 11:25:39;6781465120;Completed;0388582327;0385344178;C;RASENDRAMANANA;0;wallettobank;144800;682450948;682595748;83654066-84fc-4de1-b1dd-cb281fae30a1;WTB
07/09/2026 11:27:08;6781556853;Completed;0345425853;0385344178;C;RAHARIMALALA;0;wallettobank;122000;682595748;682717748;b632fe34-e6e4-4016-9ad9-a7ce754fc6b8;WTB
07/09/2026 11:47:17;6783124469;Completed;0346630250;0385344178;C;LANTONIRINA;0;wallettobank;26000;688086848;688112848;c7ab821c-5c13-48ba-90de-2cacafa28cb9;WTB
07/09/2026 11:47:48;6783140463;Completed;0384300595;0385344178;C;RAJOELIARIMALALA;0;wallettobank;510000;688112848;688622848;bb9d61dd-68da-4930-afc0-4b9275a0ac1e;WTB
07/09/2026 12:46:21;6787268959;Completed;0349061827;0385344178;C;RISTIDE;0;wallettobank;921000;698898848;699819848;a8663e73-e6d9-47aa-84b4-4b70d443148c;WTB
07/09/2026 16:24:24;6801361573;Completed;0348965389;0385344178;C;RAZAFIARISOA FARATINA ALICE;0;wallettobank;2033900;780433295;782467195;386487ff-898f-42be-879a-ccfd46c336d6;WTB
07/09/2026 16:24:25;6801371494;Completed;0340567817;0385344178;C;RANDRIANJAFY;0;wallettobank;130000;782467195;782597195;52e2fcb6-c925-40c8-9f8f-f7b9f0e954d0;WTB
07/09/2026 11:50:29;6783370947;Completed;0341812324;0385344178;C;raherison;0;wallettobank;513000;685622848;686135848;28823854-0d0c-47d1-a41f-416582c9ec52;WTB
07/09/2026 12:47:30;6787362381;Completed;0340500665;0385344178;C;Jeremy;0;wallettobank;280000;699819848;700099848;d8d479af-e658-42b4-b5cc-bf9839bf5853;WTB
07/09/2026 12:47:43;6787370725;Completed;0382944501;0385344178;C;Randrianarison;0;wallettobank;90000;700099848;700189848;596cd100-c589-4f1f-9eec-1db6182cb42c;WTB
07/09/2026 11:52:11;6783495451;Completed;0343734412;0385344178;C;RANAHARISOA SEVERIN PHILIPPE;0;wallettobank;800000;686135848;686935848;3254683e-cb7f-47ff-96ca-79c1164aef7f;WTB
07/09/2026 16:24:40;6801373927;Completed;0343073402;0385344178;C;RAVOHERIKO;0;wallettobank;606600;782597195;783203795;6b9e661f-3b7e-465f-8850-006d180e3db7;WTB
07/09/2026 11:52:50;6783536909;Completed;0384614188;0385344178;C;RAZANABOAAHARISOA;0;wallettobank;480000;686935848;687415848;af995bca-b1c3-4145-9967-749df3c99e9f;WTB
07/09/2026 14:29:18;6793539951;Completed;0345425221;0385344178;C;Rakotomalala;0;wallettobank;300000;734966039;735266039;0b2760db-939e-4acb-8bc9-958f2cf6b159;WTB
07/09/2026 11:54:24;6783626379;Completed;0342886203;0385344178;C;RANDRIAKOTO SOLONIRINA;0;wallettobank;836000;687415848;688251848;e816ccf4-387e-44ad-9368-7dc03c523a76;WTB
07/09/2026 11:54:34;6783686676;Completed;0386948822;0385344178;C;RANDRIAMANANA;0;wallettobank;1000000;688251848;689251848;53ef1a45-6963-47ce-8632-2a5b6d6b1f8a;WTB
07/09/2026 11:55:01;6783676300;Completed;0343683525;0385344178;C;Elinah;0;wallettobank;300000;689251848;689551848;2e63e2a7-f5fa-4cf3-89c6-7d76c866af1a;WTB
07/09/2026 16:25:05;6801436086;Completed;0347850404;0385344178;C;FANJA ANDRIAMANANTENA;0;wallettobank;2324;783203795;783206119;350d7d67-c4ea-46a5-80b0-2dcd1fcab360;WTB
07/09/2026 12:51:15;6787572214;Completed;0389592784;0385344178;C;MARLENE;0;wallettobank;224700;700189848;700414548;a756a869-5f41-428d-9862-019cbcc36668;WTB
07/09/2026 12:51:51;6787639579;Completed;0345704695;0385344178;C;NINDRINARIVELO;0;wallettobank;30000;700414548;700444548;2461741f-2592-47db-98c5-9c3af60b217d;WTB
07/09/2026 11:58:59;6783977262;Completed;0348742950;0385344178;C;ANDRIANTSOLY;0;wallettobank;35000;689551848;689586848;2c28fe0a-7ede-4a90-a901-fda21cc1de7e;WTB
07/09/2026 20:27:10;6815947286;Completed;0346317809;0385344178;C;HANITRINIAINA;0;wallettobank;800000;850841255;851641255;f2dc8a6f-138d-4228-8cc9-ba37a110bea4;WTB
07/09/2026 11:59:52;6784051657;Completed;0389939062;0385344178;C;RAFANOMEZANTSOA;0;wallettobank;848000;689586848;690434848;9c1686be-0974-486c-bcf9-34a04963a11b;WTB
07/09/2026 12:53:07;6787685049;Completed;0382946849;0385344178;C;FANAIKY;0;wallettobank;90000;700444548;700534548;7d4ec2b9-45eb-4356-97b6-e9f611b50aa2;WTB
07/09/2026 12:01:36;6784158969;Completed;0344792337;0385344178;C;RANDRIANAINA;0;wallettobank;631600;690434848;691066448;b8520ee4-802f-46fd-a35a-d4b3f61a5c22;WTB
07/09/2026 12:02:55;6784284534;Completed;0345262802;0385344178;C;RABEHENDRY;0;wallettobank;300000;691366448;691666448;a2679097-1114-451d-a769-b364f9a5c62e;WTB
07/09/2026 12:01:56;6784199696;Completed;0340204699;0385344178;C;IHANITRA;0;wallettobank;300000;691066448;691366448;b4e5dfec-53c4-427c-bc6f-b849d7dc260d;WTB
07/09/2026 18:31:12;6810569340;Completed;0341211357;0385344178;C;Rakotoarivony;0;wallettobank;21000;835879343;835900343;84dcc0f0-99c3-4011-86eb-c4a472aa39d7;WTB
07/09/2026 12:54:13;6787784405;Completed;0385952965;0385344178;C;Andriamalala;0;wallettobank;148300;700534548;700682848;a1688988-0b37-4c33-838b-3a5ed078fc39;WTB
07/09/2026 20:27:27;6815922401;Completed;0384054809;0385344178;C;HAJARAMAMPIONONA;0;wallettobank;1000;851641255;851642255;fef6f106-4e11-4723-808f-9d49a8d89d06;WTB
07/09/2026 12:03:17;6784309893;Completed;0340275433;0385344178;C;Rakotonirina;0;wallettobank;208000;691882448;692090448;a1f639e5-d13a-457a-b963-e0dc07d92992;WTB
07/09/2026 12:03:17;6784308865;Completed;0343112231;0385344178;C;RAZAIARIMANANA;0;wallettobank;216000;691666448;691882448;eb266651-9389-4f3e-ba61-658f7f439d51;WTB
07/09/2026 12:04:36;6784388314;Completed;0346550382;0385344178;C;FATRATRAMAMONJIHERITIANA;0;wallettobank;116000;692090448;692206448;90bc2645-e3ab-4b7f-aafd-edc5b6c43480;WTB
07/09/2026 16:26:05;6801485223;Completed;0383300564;0385344178;C;Ramangafenosoa;0;wallettobank;460000;783206119;783666119;b3eb8834-193d-4e16-a8b1-80e1d85d1065;WTB
07/09/2026 12:06:11;6784510607;Completed;0347440526;0385344178;C;RAHELIARISOA;0;wallettobank;350000;692206448;692556448;510f38c4-5727-48f0-b434-824f24c3f336;WTB
07/09/2026 12:07:57;6784650228;Completed;0349360108;0385344178;C;Ny Mandimby Tsihoarana;0;wallettobank;1132000;692556448;693688448;7dbf6b7d-f237-4b31-82dd-a95471ab86e1;WTB
07/09/2026 12:57:44;6787961808;Completed;0384765259;0385344178;C;RAKOTORAHALAHY;0;wallettobank;92000;700682848;700774848;111e04c5-e281-462c-adda-7828567299da;WTB
07/09/2026 12:58:53;6788045213;Completed;0380870718;0385344178;C;RAZAFINOVA;0;wallettobank;430100;700774848;701204948;99ebf505-99d7-4dfd-ab21-cefd29ab5cda;WTB
07/09/2026 12:11:19;6784911976;Completed;0383043019;0385344178;C;Razafimahatratra;0;wallettobank;234000;693688448;693922448;64799e44-bc70-4b52-be91-f2fe289bdc0d;WTB
07/09/2026 23:41:16;6818435894;Completed;0386630043;0385344178;C;NAMEARISOA;0;wallettobank;170200;857875955;858046155;6c7606d8-0d56-43f2-a1b0-75525b40c62a;WTB
07/09/2026 12:12:43;6784976533;Completed;0340781929;0385344178;C;RAMANANDRAIBE;0;wallettobank;672000;693922448;694594448;7d0fb5eb-841a-4bd7-8b4b-88138e2648cb;WTB
07/09/2026 13:00:46;6788199937;Completed;0343333438;0385344178;C;HERIMALALA;0;wallettobank;500000;701204948;701704948;3aeb2f2e-09f4-4855-945a-cd17514f7bb7;WTB
07/09/2026 18:31:56;6810618077;Completed;0348124599;0385344178;C;Iandriantsoa Haivo;0;wallettobank;250000;835900343;836150343;3e2a8463-4457-4acf-80ec-cc27bef0fa9e;WTB
07/09/2026 13:02:04;6788263005;Completed;0340145062;0385344178;C;RASOARIMIARAMANANA;0;wallettobank;330000;701704948;702034948;ae77545f-d859-42e7-81d6-81c526076a06;WTB
07/09/2026 13:02:26;6788303046;Completed;0341438838;0385344178;C;RAVAVY;0;wallettobank;125000;702034948;702159948;184680ef-b109-4d62-9efc-b0065d702587;WTB
07/09/2026 12:17:51;6785346671;Completed;0349917717;0385344178;C;RAFALINIRINASOA;0;wallettobank;102000;694594448;694696448;6aa3219c-3ece-42e0-aca8-0eddcff0e35d;WTB
07/09/2026 16:27:33;6801622889;Completed;0341330995;0385344178;C;BESOLANOROSOA;0;wallettobank;50000;783666119;783716119;8be18753-d886-40f7-94bd-1f15bb5f8de5;WTB
07/09/2026 12:20:58;6785540714;Completed;0387575129;0385344178;C;Rasoanantenaina;0;wallettobank;168000;694696448;694864448;c2ee392d-965a-439c-b5a9-cb9d39d91ddc;WTB
07/09/2026 12:21:06;6785566322;Completed;0342913388;0385344178;C;TSIPARAKE;0;wallettobank;1085000;694864448;695949448;fa78a3b5-f762-4076-9fa7-567e9f8786c5;WTB
07/09/2026 16:27:53;6801615442;Completed;0381691445;0385344178;C;RAKOTOMAHEFA;0;wallettobank;800000;783716119;784516119;f4b7265c-9d65-4e36-95da-b8cfcbf2a828;WTB
07/09/2026 16:27:55;6801650259;Completed;0383873910;0385344178;C;Andriamirija;0;wallettobank;362500;784516119;784878619;e206c404-c7ff-45a7-b061-56607c7712f5;WTB
07/09/2026 14:36:56;6794054055;Completed;0386008690;0385344178;C;CRESINE;0;wallettobank;310000;735266039;735576039;98d90bf3-ebd2-4b0e-af1e-130c270f60aa;WTB
07/09/2026 14:37:00;6794044433;Completed;0386196453;0385344178;C;RAVALISOA;0;wallettobank;6000;735576039;735582039;83251f9f-2691-4c96-be56-86adef2a1473;WTB
07/09/2026 12:25:01;6785853682;Completed;0342113362;0385344178;C;RATOVONJANAHARY;0;wallettobank;94900;695949448;696044348;e45218f1-d1b9-45ae-b450-539417dc9d5a;WTB
07/09/2026 23:46:53;6818428917;Completed;0386630043;0385344178;C;NAMEARISOA;0;wallettobank;20000;858046155;858066155;d7881df0-496f-47f8-a3f6-1bce81ca4102;WTB
07/09/2026 13:07:10;6788572276;Completed;0381902832;0385344178;C;Voahirana Holisoanirina;0;wallettobank;375000;702159948;702534948;a0894dd3-7a04-4000-9abb-532cb619e49b;WTB
07/09/2026 12:27:26;6786010479;Completed;0384054809;0385344178;C;HAJARAMAMPIONONA;0;wallettobank;10000;696044348;696054348;d0b480a4-805e-43e9-a197-2a4cdbe2c9b0;WTB
07/09/2026 13:07:44;6788627035;Completed;0382368486;0385344178;C;RAKOTONJANAHARY;0;wallettobank;120000;702534948;702654948;f70f35bd-13cb-4cce-8796-33177a450ec8;WTB
07/09/2026 12:28:23;6786074105;Completed;0389974880;0385344178;C;RAZAFINDRAKOTO;0;wallettobank;520000;696054348;696574348;5e96a6d6-1dd9-4355-ae02-78a56319a4d4;WTB
07/09/2026 16:28:31;6801640370;Completed;0340707279;0385344178;C;RAKOTONOELY;0;wallettobank;3000;784878619;784881619;509020ff-2f41-4351-96cb-07368e57d056;WTB
07/09/2026 18:32:54;6810683311;Completed;0349709906;0385344178;C;RABEMANDIDY;0;wallettobank;602708;836150343;836753051;221ff6e5-c304-450e-a851-2963bfa52c50;WTB
07/09/2026 16:18:26;6800944030;Completed;0348582257;0385344178;C;RAZAFIMPANO;0;wallettobank;325000;776557995;776882995;92d133e2-d322-4fe0-8541-d2796bfe3343;WTB
07/09/2026 14:39:03;6794190110;Completed;0346989639;0385344178;C;Razafitsiferana;0;wallettobank;50000;735582039;735632039;ca212562-7796-4a04-8f34-12a5a2a46984;WTB
07/09/2026 14:39:17;6794202886;Completed;0349920448;0385344178;C;SAHOLINIRINAMAMISOANIAINA;0;wallettobank;230000;735632039;735862039;37c95f89-63e0-4a16-86b2-b07965fdf5f7;WTB
07/09/2026 14:40:05;6794224620;Completed;0345257172;0385344178;C;RANAIVOTIANA;0;wallettobank;3000;735862039;735865039;17e10f75-5d51-4976-8cb5-5c4a2fc5dcd6;WTB
07/09/2026 20:29:56;6816022801;Completed;0342251132;0385344178;C;RAZAFITSIFERANA;0;wallettobank;50000;851642255;851692255;b950e588-8389-4ddd-88e5-a66f19204f9c;WTB
07/09/2026 12:32:11;6786335047;Completed;0384054809;0385344178;C;HAJARAMAMPIONONA;0;wallettobank;7000;696574348;696581348;655a9e58-87bc-4cb7-b4af-b4e120f10798;WTB
07/09/2026 13:09:36;6788750683;Completed;0344083365;0385344178;C;rakotomanana;0;wallettobank;3750000;702654948;706404948;c6c8d81b-3745-4607-8694-c2a490c866db;WTB
07/09/2026 16:19:39;6801019612;Completed;0340435749;0385344178;C;Razafindramiandry;0;wallettobank;340600;776882995;777223595;6e1ec430-38e3-4ea4-bc32-09c842468791;WTB
07/09/2026 14:40:59;6794277688;Completed;0380624386;0385344178;C;HERILALAINA;0;wallettobank;295000;735865039;736160039;183603c1-2f14-45c1-84bf-b9e2c65b1f19;WTB
07/09/2026 14:41:13;6794305470;Completed;0383795257;0385344178;C;RAMIOARISON;0;wallettobank;50000;736160039;736210039;24efe8ca-6cab-4096-bdb5-4d86d154515f;WTB
07/09/2026 13:11:08;6788840563;Completed;0341514227;0385344178;C;RANDRIANASOLO;0;wallettobank;270000;706404948;706674948;c14a2566-b9f2-4f07-b41b-0f2b0275a950;WTB
07/09/2026 14:41:44;6794325228;Completed;0344130114;0385344178;C;Andriantsalama;0;wallettobank;1556;736210039;736211595;a20a9f21-0a05-4638-9745-a139865886cd;WTB
07/09/2026 13:13:11;6788938458;Completed;0341514227;0385344178;C;RANDRIANASOLO;0;wallettobank;3000;706674948;706677948;6d76eb9c-25b0-49dc-a226-824afcd35140;WTB
07/09/2026 23:54:06;6818492273;Completed;0341375400;0385344178;C;rajarison;0;wallettobank;200000;858066155;858266155;447af744-2eba-4b96-bdf2-feaf7c5d4857;WTB
07/09/2026 14:42:25;6794391275;Completed;0341163300;0385344178;C;tsimbazafy;0;wallettobank;284000;736211595;736495595;d11086b6-3656-468b-90a1-cf1f6e86a4d3;WTB
07/09/2026 13:13:47;6788980738;Completed;0383136455;0385344178;C;Zandry;0;wallettobank;307300;706677948;706985248;1577bc31-eda5-47f5-8984-a672bdc40dd7;WTB
07/09/2026 13:14:58;6789058811;Completed;0386745990;0385344178;C;Andrianjanahary;0;wallettobank;675000;706985248;707660248;8f1052c1-a091-4976-8360-b03d5e33b978;WTB
07/09/2026 13:15:09;6789058973;Completed;0340201510;0385344178;C;RAVAORISOA;0;wallettobank;210000;707660248;707870248;a3be7634-6af3-425c-b45a-c75cbb3de837;WTB
07/09/2026 13:15:28;6789098246;Completed;0348799812;0385344178;C;RALISON;0;wallettobank;300000;707870248;708170248;20122605-f0ff-416e-91a2-4d8d850ac240;WTB
07/09/2026 14:43:18;6794442846;Completed;0387511218;0385344178;C;RAFIDINJANAHARY;0;wallettobank;60000;736495595;736555595;d0b740f3-021b-4c87-b133-c7c2716a8816;WTB
07/09/2026 14:43:24;6794452801;Completed;0341994026;0385344178;C;rasoarimalala;0;wallettobank;1541000;736555595;738096595;b8700f2b-f7ce-4491-86d2-2df6b28add8f;WTB
07/09/2026 13:16:30;6789162284;Completed;0347807540;0385344178;C;NJARATIANA;0;wallettobank;2210000;708170248;710380248;c7a577d5-2497-4c3f-8a4b-92c710ea77bf;WTB
07/09/2026 14:43:54;6794476863;Completed;0383829238;0385344178;C;RAKOTOMANGA;0;wallettobank;23400;738096595;738119995;e7cba05f-6852-4a30-9c5c-cd523d4b36fd;WTB
07/09/2026 13:18:11;6789274995;Completed;0389546308;0385344178;C;Tiandray;0;wallettobank;765000;710380248;711145248;01ef7120-fd0e-4eae-9587-81fc74072d3b;WTB
07/09/2026 16:30:26;6801777452;Completed;0384530845;0385344178;C;Randriamiarindrina;0;wallettobank;100000;784881619;784981619;bb9a8244-0b3a-4e44-ac11-924ecb948428;WTB
07/09/2026 13:19:06;6789314933;Completed;0387569203;0385344178;C;TELOVAVY;0;wallettobank;110000;711145248;711255248;0da20d97-7e7c-4bbe-9df9-d5abcd8a5358;WTB
07/09/2026 13:19:23;6789340756;Completed;0381047919;0385344178;C;Tomboanjara;0;wallettobank;9500;711255248;711264748;aeaa58aa-8050-4bca-a974-49e3b5b9a983;WTB
07/09/2026 13:20:09;6789345100;Completed;0387928597;0385344178;C;MARIE SOLIE LACIENNE;0;wallettobank;248000;711264748;711512748;ed02a8e4-2331-4725-b430-c825a1324352;WTB
07/09/2026 14:45:14;6794557296;Completed;0387647431;0385344178;C;RAKOTOARINIAINA;0;wallettobank;1366600;738119995;739486595;9afe14ec-c4c9-4e84-8384-edd2f206d215;WTB
07/09/2026 16:31:21;6801894558;Completed;0343647925;0385344178;C;rakotozafy;0;wallettobank;270000;784981619;785251619;1c90c064-668b-4eaf-9797-11231d9ca2f9;WTB
07/09/2026 14:46:56;6794687001;Completed;0344604645;0385344178;C;RASOANANDRASANA;0;wallettobank;320000;739486595;739806595;1104b0f0-292d-457f-b605-92c57ac64c0d;WTB
07/09/2026 16:31:44;6801918791;Completed;0386027137;0385344178;C;IMPIDY;0;wallettobank;422000;785251619;785673619;d1065efb-c508-43a9-8fc0-469200722e0d;WTB
07/09/2026 13:28:00;6789823536;Completed;0348043759;0385344178;C;razafindramanga;0;wallettobank;236600;711512748;711749348;b8caba83-ea63-4c7e-9af6-f625bb1a3be0;WTB
07/09/2026 16:32:12;6801941993;Completed;0348375851;0385344178;C;Ratsimbazafy;0;wallettobank;999000;785673619;786672619;c0632794-99be-495b-97a4-b9312c3aa2b4;WTB
07/09/2026 16:32:13;6801911700;Completed;0386980443;0385344178;C;RANAIVOSOA;0;wallettobank;190800;786672619;786863419;d08a07f1-219c-4fba-89ca-d087a8588a13;WTB
07/09/2026 13:28:31;6789863583;Completed;0346791828;0385344178;C;raharison;0;wallettobank;690000;711749348;712439348;0cf5f8f9-2f18-4da3-b582-310926bc0d00;WTB
07/09/2026 13:30:05;6789955037;Completed;0347971229;0385344178;C;TOAVINARAVELONAMONJY;0;wallettobank;260000;712439348;712699348;bffedb87-4249-4895-94b8-cf66719d0625;WTB
07/09/2026 13:34:30;6790244618;Completed;0388414758;0385344178;C;BAOMAHITSY;0;wallettobank;3000;712699348;712702348;44b08941-7855-4122-a4de-c115e5174663;WTB
07/09/2026 16:33:23;6802005829;Completed;0345206520;0385344178;C;rajaorimalala;0;wallettobank;3000;786863419;786866419;c02639cc-79d2-4e5e-b17b-57971b5f514d;WTB
07/09/2026 14:51:49;6794977887;Completed;0342124511;0385344178;C;Rasoafanoharana;0;wallettobank;200000;739806595;740006595;8164d470-1350-4655-816a-fdeb161ef1b7;WTB
07/09/2026 13:36:17;6790334157;Completed;0389787641;0385344178;C;RAFIDY;0;wallettobank;120000;712702348;712822348;cbd0a702-601e-4cd1-bd21-4b925df3499a;WTB
07/09/2026 13:36:55;6790378788;Completed;0348834652;0385344178;C;RASOLOMALALA;0;wallettobank;400000;712822348;713222348;d4a1e4e1-c138-4489-a4d1-8d29e9b6f152;WTB
07/09/2026 14:52:24;6795017967;Completed;0340618991;0385344178;C;RASOANORO;0;wallettobank;285000;740006595;740291595;23764f5a-d63e-40a4-a925-bcc9bc58c760;WTB
07/09/2026 14:52:49;6795078490;Completed;0347523595;0385344178;C;Mahafalinirina;0;wallettobank;2200000;740291595;742491595;b39f32e0-87b5-40af-bc33-c4106a88f718;WTB
07/09/2026 16:33:52;6802041413;Completed;0342508370;0385344178;C;TAHINA;0;wallettobank;163000;786866419;787029419;3ea262a0-7258-47a0-b6e6-7ceac683e446;WTB
07/09/2026 16:34:02;6802059943;Completed;0347076119;0385344178;C;RANDRIANJANAKA;0;wallettobank;580000;787029419;787609419;034f19ef-ebe5-454d-b693-8fbd9c18f57c;WTB
07/09/2026 13:39:44;6790530416;Completed;0340526931;0385344178;C;RAZANANIRINA;0;wallettobank;420000;713222348;713642348;cc3b2357-284f-4c30-b6ea-fdeb947f279f;WTB
07/09/2026 14:54:07;6795158551;Completed;0340364001;0385344178;C;SENDRAHASINA;0;wallettobank;1207700;742491595;743699295;77c9e3da-df56-4974-979f-6b2f7e969108;WTB
07/09/2026 13:41:29;6790665756;Completed;0346142601;0385344178;C;rasoanirina;0;wallettobank;390000;713642348;714032348;afe1e781-54dc-4785-aa11-f8f680a74cc0;WTB
07/09/2026 16:34:23;6802104761;Completed;0383323459;0385344178;C;Zafimahely;0;wallettobank;304000;787609419;787913419;b7421b36-b4d3-440f-8e64-224993225cad;WTB
07/09/2026 13:41:47;6790656147;Completed;0345262262;0385344178;C;Ramampihaja;0;wallettobank;386000;714032348;714418348;4b4129b9-868f-499e-a3f4-355da1d4e6bd;WTB
07/09/2026 13:42:04;6790689459;Completed;0380494251;0385344178;C;RAJOELSON;0;wallettobank;12200;714418348;714430548;f389dac9-631e-4a7d-b20c-4396fd032abd;WTB
07/09/2026 13:42:10;6790681636;Completed;0345768081;0385344178;C;ANDRIAMANEHO;0;wallettobank;746000;714430548;715176548;df7e1e8b-8601-424d-8760-d57e21ccb2af;WTB
07/09/2026 13:42:22;6790691217;Completed;0340201361;0385344178;C;MAMONJISOA;0;wallettobank;5000000;715176548;720176548;80f386f5-4234-45d1-8751-e789b0e83f3a;WTB
07/09/2026 13:43:49;6790785930;Completed;0343425300;0385344178;C;Rakotoarimanana;0;wallettobank;195000;720176548;720371548;079a0bed-ee8e-4637-8cb6-cee5682bf65e;WTB
07/09/2026 13:43:50;6790770146;Completed;0342654645;0385344178;C;ANJARASOA;0;wallettobank;730000;720371548;721101548;2a0a2dca-f3bb-416a-b266-30f5586f2f2e;WTB
07/09/2026 13:44:05;6790783560;Completed;0349692904;0385344178;C;Solonjohany;0;wallettobank;1392000;721101548;722493548;2fe420c7-1f05-4cdf-bfbf-9bc5a1ce1432;WTB
07/09/2026 16:34:56;6802128888;Completed;0345812474;0385344178;C;TIANA RAFARALALAINA;0;wallettobank;75000;787913419;787988419;8c4a2274-b992-4644-ac67-a0210e8fb0dc;WTB
07/09/2026 16:34:58;6802121476;Completed;0343734412;0385344178;C;RANAHARISOA SEVERIN PHILIPPE;0;wallettobank;937000;787988419;788925419;d9550111-dadd-42e6-88b4-e436ba8baaae;WTB
07/09/2026 14:55:39;6795215389;Completed;0344673832;0385344178;C;randriambovonjyhanitrinirina;0;wallettobank;100000;743699295;743799295;b41cd0b8-8be9-413e-a36d-ec413a33cce4;WTB
07/09/2026 16:34:59;6802121339;Completed;0347639819;0385344178;C;RAZANANTSOA;0;wallettobank;227600;788925419;789153019;f6b403e3-b443-4203-a8df-c817f83207d2;WTB
07/09/2026 14:56:04;6795286237;Completed;0382770190;0385344178;C;RAHOLINARIVO;0;wallettobank;5000;743799295;743804295;53c4f9df-ef0c-4f84-832a-0214f3f3e09a;WTB
07/09/2026 13:46:35;6790975645;Completed;0380902383;0385344178;C;VERONIQUE;0;wallettobank;6600;722493548;722500148;204b6043-6a9e-43fd-8810-6f425c593c4b;WTB
07/09/2026 13:48:12;6791050092;Completed;0349897708;0385344178;C;MIARINJARA;0;wallettobank;2200000;722500148;724700148;dec6aabc-c2e9-42c8-ae03-a5c75066bd0f;WTB
07/09/2026 13:50:12;6791161522;Completed;0348016664;0385344178;C;AMIDOU;0;wallettobank;798400;724700148;725498548;c40db16d-88ff-4579-bd39-152ba535af5d;WTB
07/09/2026 16:35:52;6802185174;Completed;0344727313;0385344178;C;RAHERISON;0;wallettobank;29000;789153019;789182019;9504bfd5-f222-4eb5-b6a9-83edd823b29e;WTB
07/09/2026 16:36:01;6802232978;Completed;0344553585;0385344178;C;RANDRIANARISON;0;wallettobank;99100;789182019;789281119;f8f88e7d-a394-43fe-b1e8-e91fbaa4942b;WTB
07/09/2026 13:52:02;6791282355;Completed;0385051952;0385344178;C;RANDRIAMALALA;0;wallettobank;200000;725498548;725698548;96fcb0ff-02d3-4310-ab65-2d0309ff8fba;WTB
07/09/2026 13:53:37;6791357176;Completed;0343730266;0385344178;C;Rafanomezantsoa;0;wallettobank;300000;725698548;725998548;5086e683-ddaa-4f50-8da8-21e4f370124c;WTB
07/09/2026 14:58:57;6795442722;Completed;0345270821;0385344178;C;Tsilenty;0;wallettobank;25000;741804295;741829295;06a5c4fd-5448-41da-a92f-9b84f2d3b349;WTB
07/09/2026 13:54:29;6791421360;Completed;0385051952;0385344178;C;RANDRIAMALALA;0;wallettobank;55000;725998548;726053548;e4bd8593-fed1-4af2-880f-7322490412a4;WTB
07/09/2026 13:56:25;6791515279;Completed;0382077995;0385344178;C;RAHANTASOANIRINA;0;wallettobank;376000;726053548;726429548;25913cf0-8e61-4f9d-8c34-ec351b872104;WTB
07/09/2026 13:58:28;6791668457;Completed;0388298478;0385344178;C;RAMANANTSOA;0;wallettobank;151000;726429548;726580548;b8550e77-aa4d-4ac9-aa21-28a2cb5abe03;WTB
07/09/2026 13:59:17;6791707473;Completed;0345557184;0385344178;C;Rasoanandrasana;0;wallettobank;460000;726580548;727040548;ea64c6e5-5dbc-4a7c-af52-050fb2338057;WTB
07/09/2026 15:27:39;6797377690;Completed;0341132324;0385344178;C;RABEMIANTA;0;wallettobank;5000;751519595;751524595;4813d46d-03b8-4b26-bf25-7e83857336d8;WTB
07/09/2026 15:02:06;6795682820;Completed;0389694289;0385344178;C;RANDRIANJAKASOA;0;wallettobank;253000;741829295;742082295;8005a80a-c5ff-4bbd-8a7d-791dc3e4ac4e;WTB
07/09/2026 14:01:51;6791847761;Completed;0340198323;0385344178;C;ANTOKA SECURITE;0;wallettobank;400000;727040548;727440548;ffd7e1bc-0f5e-4779-a2ad-82227a018b04;WTB
07/09/2026 16:38:05;6802379453;Completed;0348739701;0385344178;C;RAZAFINDRAVOLA;0;wallettobank;303000;789281119;789584119;da73c83c-3ef8-4eef-936a-368357c60080;WTB
07/09/2026 14:04:33;6792044578;Completed;0384643810;0385344178;C;MANDRINDRA;0;wallettobank;465991;727440548;727906539;3ff131ba-90f8-471b-88fb-f02d0c87c564;WTB
07/09/2026 15:03:32;6795746915;Completed;0349225531;0385344178;C;JACOB;0;wallettobank;377000;742082295;742459295;149f9564-e568-474f-b400-a8dd2cc1d2ca;WTB
07/09/2026 14:06:16;6792111491;Completed;0386131564;0385344178;C;RANAIVOARISOA;0;wallettobank;507000;727906539;728413539;645632fd-50a2-453d-8694-818b834a5480;WTB
07/09/2026 14:06:50;6792178100;Completed;0383537109;0385344178;C;LUCAS ARNOT GABRINIE;0;wallettobank;480000;728413539;728893539;21b4d138-d4f6-4d9b-b6c7-8cf620f67eef;WTB
07/09/2026 14:06:55;6792134257;Completed;0349265965;0385344178;C;rakotoarisoa;0;wallettobank;240000;728893539;729133539;71e06f95-b1ea-4083-b2d0-24dc39d1b61a;WTB
07/09/2026 14:07:30;6792175673;Completed;0340882594;0385344178;C;RAZAFINDRAVELO;0;wallettobank;436600;729133539;729570139;b2b138f4-3c64-4f6b-93f3-717b066bc899;WTB
07/09/2026 16:38:54;6802421911;Completed;0343482503;0385344178;C;ZAFITININA;0;wallettobank;275000;789584119;789859119;39612faa-6fb1-4cf4-9a29-901b17db98fd;WTB
07/09/2026 14:08:14;6792256536;Completed;0387026128;0385344178;C;RABEARISOA;0;wallettobank;200000;729570139;729770139;3229543e-8c91-4e06-bb16-d1abd5096b6f;WTB
07/09/2026 15:05:04;6795892567;Completed;0341600216;0385344178;C;ARMANDE;0;wallettobank;2127200;742794295;744921495;f32398db-a1b0-4c2c-be86-b8dcad1cf1fb;WTB
07/09/2026 15:04:56;6795866445;Completed;0345083623;0385344178;C;RAHARISAONINA;0;wallettobank;335000;742459295;742794295;11ea1135-e0aa-40cb-a997-d2e890c19b7e;WTB
07/09/2026 20:36:40;6816241967;Completed;0342729069;0385344178;C;RASOANANTOANDRO;0;wallettobank;520000;851692255;852212255;3412c784-0719-48bd-b0d9-d92ba0b07936;WTB
07/09/2026 15:05:20;6795882684;Completed;0343382242;0385344178;C;SAHOLIARISON;0;wallettobank;90900;744921495;745012395;514a4840-10ef-4425-a931-8342629a6b98;WTB
07/09/2026 16:39:24;6802470440;Completed;0381691445;0385344178;C;RAKOTOMAHEFA;0;wallettobank;588661;789859119;790447780;9929f3ad-2f24-435a-949c-2d5597fdab95;WTB
07/09/2026 14:10:24;6792373531;Completed;0380909499;0385344178;C;Vavy;0;wallettobank;517500;729770139;730287639;146a5b77-b0d4-495e-9d76-b4ebf2e86e19;WTB
07/09/2026 16:39:30;6802415900;Completed;0385051952;0385344178;C;RANDRIAMALALA;0;wallettobank;70000;790447780;790517780;893aab27-59a4-4b4e-aa51-dc40c3636c1a;WTB
07/09/2026 14:11:32;6792430506;Completed;0341566448;0385344178;C;andriamanampinoro;0;wallettobank;740000;730287639;731027639;4719bb05-1824-4426-b4fc-59160e299bc7;WTB
07/09/2026 14:11:33;6792425635;Completed;0344021740;0385344178;C;Randrianarisoa;0;wallettobank;1000;731027639;731028639;7987e7de-683a-4b03-819f-0fbd376d743a;WTB
07/09/2026 14:13:14;6792567285;Completed;0341867047;0385344178;C;Menavolo;0;wallettobank;2000000;731028639;733028639;c52aaddc-8043-4ee2-bb6a-d4f0da388e57;WTB
07/09/2026 14:13:30;6792554459;Completed;0384045717;0385344178;C;Melange;0;wallettobank;337500;733028639;733366139;999f14cb-4a4a-4269-8336-8deafb664270;WTB
07/09/2026 14:14:55;6792660366;Completed;0383829238;0385344178;C;RAKOTOMANGA;0;wallettobank;19500;733366139;733385639;39234d88-101a-4156-b833-4cc677f8d1ea;WTB
07/09/2026 14:15:25;6792686686;Completed;0382011142;0385344178;C;Mialy Veronique;0;wallettobank;40400;733385639;733426039;033e6011-1b8b-4a94-894f-66d6ccc0d1e1;WTB
07/09/2026 14:15:33;6792702775;Completed;0382301842;0385344178;C;RAZAFINDRAVAO;0;wallettobank;118000;733426039;733544039;69ab2312-d1a0-4ca1-b62e-9218c4e74151;WTB
07/09/2026 16:40:37;6802551194;Completed;0344787119;0385344178;C;randriamanantena;0;wallettobank;469992;790517780;790987772;1084013f-9914-455b-a076-d0d574d23e3a;WTB
07/09/2026 14:20:11;6792957299;Completed;0389753025;0385344178;C;Andrianarimalala;0;wallettobank;204000;733544039;733748039;e141e834-bb2a-454e-8635-dc783d0a2218;WTB
07/09/2026 16:42:18;6802702951;Completed;0383000917;0385344178;C;RANAHARISOA;0;wallettobank;364500;790987772;791352272;cd28b91d-d90a-4934-a6bf-cb412b35a499;WTB
07/09/2026 15:08:53;6796144435;Completed;0385532409;0385344178;C;TITA MICKAEL;0;wallettobank;303200;745012395;745315595;0e615bdb-59cc-41fb-86d0-ac5b70847371;WTB
07/09/2026 16:42:48;6802733519;Completed;0343144739;0385344178;C;RAVOLAMANANA;0;wallettobank;365000;791352272;791717272;508b1739-84bf-4235-8273-0fffadd852ad;WTB
07/09/2026 16:43:11;6802766755;Completed;0348808294;0385344178;C;ANDRIANARISOA;0;wallettobank;44900;791717272;791762172;342a5043-b13c-4f76-9524-bfc0a9b3c874;WTB
07/09/2026 15:11:19;6796281053;Completed;0346831287;0385344178;C;rabelala;0;wallettobank;860000;745315595;746175595;795ccb76-cb7c-4302-8bf4-f768290135e5;WTB
07/09/2026 15:12:31;6796406197;Completed;0346701636;0385344178;C;RAKOTONDRAHAJA;0;wallettobank;65000;746175595;746240595;675dae36-3071-483a-9cc1-28f19f41ec5f;WTB
07/09/2026 16:44:31;6802875371;Completed;0384388426;0385344178;C;Noel;0;wallettobank;1000;791762172;791763172;5c647d63-cc1c-4dfd-8272-4f7dc9e7424d;WTB
07/09/2026 15:13:51;6796481674;Completed;0385603295;0385344178;C;RASOAMANANJARA;0;wallettobank;460000;746240595;746700595;87d85c48-695f-4a1c-9f0c-c356bf371086;WTB
07/09/2026 15:13:53;6796499286;Completed;0389062435;0385344178;C;VOLAZARA;0;wallettobank;670000;746700595;747370595;348237d9-a612-4e56-a9b5-c0f38e68df30;WTB
07/09/2026 15:14:48;6796522985;Completed;0386600498;0385344178;C;Ramaroson;0;wallettobank;207000;747370595;747577595;98232e69-38e6-4180-bf9d-b18be2b6ca3d;WTB
07/09/2026 16:45:54;6802984075;Completed;0341388026;0385344178;C;ravaojanahary;0;wallettobank;557000;791763172;792320172;7c22e0c3-7c76-4618-9f08-601ab2c3a04c;WTB
07/09/2026 16:45:58;6802976939;Completed;0381683950;0385344178;C;RAHARISAONINA;0;wallettobank;185600;792320172;792505772;6c96e364-d9b8-494e-8123-91b93d8146e6;WTB
07/09/2026 15:17:30;6796715262;Completed;0383565127;0385344178;C;MIHARISOA;0;wallettobank;300000;747577595;747877595;4ade9a86-5921-471c-ac24-2262e2fb20b3;WTB
07/09/2026 20:40:06;6816339999;Completed;0340534846;0385344178;C;RAOLINIRINA;0;wallettobank;286700;852212255;852498955;098c338e-7d2b-4dbe-b18c-a113530c4c56;WTB
07/09/2026 15:17:58;6796746408;Completed;0382891265;0385344178;C;FANOMEZANTSOA;0;wallettobank;800000;747877595;748677595;41fdbcf9-83c1-4e7b-ab10-bbbf29eb7a5a;WTB
07/09/2026 20:40:31;6816316993;Completed;0385779199;0385344178;C;RAKOTONJANAHARY;0;wallettobank;23000;852498955;852521955;43bb5186-2a94-4c00-b011-d043d0ba00f9;WTB
07/09/2026 15:19:47;6796881045;Completed;0381440395;0385344178;C;Soloniaina;0;wallettobank;200000;748677595;748877595;ec80ee62-aff0-4855-af26-1a4f3833c006;WTB
07/09/2026 15:22:37;6797087320;Completed;0389964911;0385344178;C;ANDRIFALY;0;wallettobank;435000;748877595;749312595;eadf41f0-b933-45d4-a7fc-89f5574a3a10;WTB
07/09/2026 15:23:10;6797088780;Completed;0348036568;0385344178;C;volanimanana;0;wallettobank;150000;749312595;749462595;517315ee-dcef-4557-ba2e-140e8cf03b25;WTB
07/09/2026 15:24:06;6797177414;Completed;0345332163;0385344178;C;Razanamasy;0;wallettobank;202000;749462595;749664595;e6c86824-a6fa-435f-813d-adbdb3cbc40d;WTB
07/09/2026 15:24:47;6797195318;Completed;0384054809;0385344178;C;HAJARAMAMPIONONA;0;wallettobank;4000;749664595;749668595;dd70b971-e29d-4dce-b044-7c1e654e1d1e;WTB
07/09/2026 20:42:03;6816376747;Completed;0380155539;0385344178;C;RAVAOARISOA;0;wallettobank;150000;852521955;852671955;fcd0feed-1dac-4ce8-bfe4-53f1708ee260;WTB
07/09/2026 15:25:11;6797209152;Completed;0349920448;0385344178;C;SAHOLINIRINAMAMISOANIAINA;0;wallettobank;220000;749668595;749888595;31b8ebe3-3101-4c5b-a17d-483281163608;WTB
07/09/2026 15:26:43;6797333969;Completed;0383748690;0385344178;C;Raharilalanindrina;0;wallettobank;1200000;749888595;751088595;53c961b2-a8c3-4cd6-895f-a80233721cca;WTB
07/09/2026 15:27:21;6797373793;Completed;0349784584;0385344178;C;ANDRIANIAINA;0;wallettobank;431000;751088595;751519595;93752c49-dda0-4d41-bec0-46d80e38eac2;WTB
07/09/2026 16:50:24;6803286920;Completed;0340827997;0385344178;C;RASALAMA;0;wallettobank;240000;792505772;792745772;6b43fa4c-fb7a-446b-ad89-c26f8703a0cf;WTB
07/09/2026 15:27:56;6797401762;Completed;0344201005;0385344178;C;Rajaonarison;0;wallettobank;82000;751524595;751606595;32af5c55-843d-45a0-aac8-88de393f3fd3;WTB
07/09/2026 15:28:26;6797440390;Completed;0344604645;0385344178;C;RASOANANDRASANA;0;wallettobank;190000;751606595;751796595;259426be-6f7e-478c-bc60-d2a6c6d607aa;WTB
07/09/2026 15:28:37;6797465523;Completed;0386860236;0385344178;C;RAHASIMBOLA;0;wallettobank;442000;751796595;752238595;d28243f4-1a8a-4ec5-956a-cbbb09eb0197;WTB
07/09/2026 16:50:58;6803361127;Completed;0385523547;0385344178;C;RAKOTOARIJAONA;0;wallettobank;232700;792745772;792978472;60daf69d-68b3-4b43-b78b-fcecbe2b3fbc;WTB
07/09/2026 15:29:41;6797515570;Completed;0389292600;0385344178;C;NJARASOA;0;wallettobank;1045000;752238595;753283595;6c348581-375b-4b3c-a63f-44779c9160d7;WTB
07/09/2026 18:45:27;6811436876;Completed;0342743801;0385344178;C;RAFANIRIANTSOA;0;wallettobank;117000;836753051;836870051;d0e2a0c9-1479-45eb-8480-65cb8525d6a3;WTB
07/09/2026 15:30:13;6797592013;Completed;0380405704;0385344178;C;MAHOLINAMPIONONA;0;wallettobank;415000;753283595;753698595;cf4e178c-6b78-4e3c-a507-a9580f0d2a2c;WTB
07/09/2026 16:51:26;6803375099;Completed;0345051957;0385344178;C;randrianarisoa;0;wallettobank;455000;792978472;793433472;b956f0e9-19dc-40b1-b1f5-0f03379ff9e3;WTB
07/09/2026 15:31:09;6797618287;Completed;0381412673;0385344178;C;RAKOTONIRINA;0;wallettobank;30000;753698595;753728595;5d044842-c7bb-4639-97db-53d35c92f493;WTB
07/09/2026 16:52:11;6803446993;Completed;0382924744;0385344178;C;MANDOVARAZANA;0;wallettobank;9000;793433472;793442472;571351e1-2255-4d7a-b1e0-c6f31da4f10b;WTB
07/09/2026 18:46:09;6811506949;Completed;0341587811;0385344178;C;Rakotorahalahy;0;wallettobank;6000;836870051;836876051;01372372-8ff5-4f37-8286-32c4b5bb5b8c;WTB
07/09/2026 15:33:53;6797832823;Completed;0385120449;0385344178;C;RAMIANJATINA;0;wallettobank;906000;754256595;755162595;8ef7c920-3a54-46da-ab82-c2da07125199;WTB
07/09/2026 15:33:23;6797774663;Completed;0341581284;0385344178;C;DAVANINA;0;wallettobank;178000;753728595;753906595;fcaaa1ea-f684-4f37-8a5a-62fb3efd716e;WTB
07/09/2026 15:33:39;6797797266;Completed;0344912077;0385344178;C;Rasoanindrina;0;wallettobank;350000;753906595;754256595;c9d0a4fa-db46-43a3-998d-b5de417bff59;WTB
07/09/2026 16:53:13;6803518704;Completed;0348381036;0385344178;C;Randrianirina;0;wallettobank;950000;793442472;794392472;54c81758-3e13-4861-b65c-67f45851b23c;WTB
07/09/2026 15:34:37;6797891989;Completed;0389964938;0385344178;C;ROJOSOA ELODIE;0;wallettobank;163000;755162595;755325595;5e0d0f35-17e3-40e2-b05e-5ef589414fe4;WTB
07/09/2026 18:46:50;6811525545;Completed;0381021007;0385344178;C;RANDRIANJAFY;0;wallettobank;10500;836876051;836886551;b0263897-9f10-440c-bbb0-9a08965c4116;WTB
07/09/2026 18:46:54;6811525852;Completed;0347192993;0385344178;C;RAVELONJARA;0;wallettobank;220000;836886551;837106551;77b0017b-b4a3-4e37-bb6f-a31bd2e85c7b;WTB
07/09/2026 15:36:10;6797948879;Completed;0343821539;0385344178;C;ZIANA;0;wallettobank;150000;755325595;755475595;45cd1de0-8d54-49e2-87cf-ea8166950e5a;WTB
07/09/2026 15:36:34;6797979461;Completed;0348984296;0385344178;C;Randrianomenjanahary;0;wallettobank;305000;755475595;755780595;aff43aec-1fe5-4087-9069-90fd74c5727d;WTB
07/09/2026 15:36:49;6797998092;Completed;0381039811;0385344178;C;Tsaramandihy;0;wallettobank;665000;755780595;756445595;70c8bbb5-3bc9-4f53-9f6d-03411d2f9c9e;WTB
07/09/2026 15:37:00;6798027486;Completed;0347374933;0385344178;C;RASOANIRINA;0;wallettobank;905000;756445595;757350595;08d0c20c-1e25-4631-a497-08bd3fe19dd7;WTB
07/09/2026 16:54:21;6803592610;Completed;0344342291;0385344178;C;FITIA MAHA LIANA;0;wallettobank;272700;794392472;794665172;4fbe7e9c-b40c-43cd-92df-e3e268d0f6cb;WTB
07/09/2026 18:47:29;6811593755;Completed;0343227078;0385344178;C;TAVOLOLONANTOANDRO;0;wallettobank;159000;837106551;837265551;2ea3a6be-47ff-4bb9-8a77-d1eb4d45de9c;WTB
07/09/2026 15:38:00;6798113456;Completed;0342103465;0385344178;C;rakotondrina;0;wallettobank;200000;757350595;757550595;e1d5ab8e-c430-4276-8a94-55954540df4e;WTB
07/09/2026 15:38:31;6798132441;Completed;0342524901;0385344178;C;LUCIEN;0;wallettobank;492700;757550595;758043295;23510fea-f20b-43af-bf6b-dcff3ab269e5;WTB
07/09/2026 17:31:32;6806368957;Completed;0342708510;0385344178;C;RANDRIAMIFIDY;0;wallettobank;130000;814386043;814516043;4d77135e-c24b-4396-bd0f-11034942debd;WTB
07/09/2026 15:38:53;6798149472;Completed;0387831279;0385344178;C;RANDRIANANDRASANA;0;wallettobank;455000;758043295;758498295;c93a4350-f729-47e6-808c-ce9958f7b5b6;WTB
07/09/2026 16:55:12;6803652514;Completed;0345303577;0385344178;C;RATSIMBAZAFY;0;wallettobank;227000;794665172;794892172;9755c8d0-8ac9-4953-96e6-e20afcab7761;WTB
07/09/2026 18:48:10;6811619971;Completed;0383379312;0385344178;C;RABEMIANDRISOA;0;wallettobank;305100;837265551;837570651;ae729985-33ce-4cb6-aeb6-6c0592bec361;WTB
07/09/2026 15:41:24;6798313925;Completed;0349989010;0385344178;C;RANDRIANATREHANA;0;wallettobank;128000;758498295;758626295;5f8e58fd-cb2a-40a7-8a45-b991442a0c35;WTB
07/09/2026 15:41:30;6798355342;Completed;0389092367;0385344178;C;RAKOTOZAFY;0;wallettobank;211700;758626295;758837995;a50ef872-2f7c-425a-b1cb-41c86cc83a16;WTB
07/09/2026 15:42:36;6798430803;Completed;0386575985;0385344178;C;RAZAFINDRAMARY;0;wallettobank;1000000;758837995;759837995;fea51a56-2d93-4e99-b941-c1c4882f8b31;WTB
07/09/2026 15:42:57;6798416615;Completed;0348383015;0385344178;C;ROSOLONJATOVO;0;wallettobank;132000;759837995;759969995;7d1eb323-5a19-4ded-a361-ca0ccfcd884d;WTB
07/09/2026 16:57:03;6803770332;Completed;0383257109;0385344178;C;MARIE CLAIRE;0;wallettobank;123000;794892172;795015172;e35cf9ff-da09-4a11-a8ec-29fc1e99fab3;WTB
07/09/2026 18:49:06;6811674041;Completed;0345513081;0385344178;C;RAKOTOMANGA;0;wallettobank;1230000;837570651;838800651;e889a6e4-557a-45f5-bd4b-a73f444a423c;WTB
07/09/2026 15:44:07;6798524298;Completed;0389605966;0385344178;C;RAVOMALALATINA;0;wallettobank;83000;759969995;760052995;e909e078-942b-4823-b4bd-2789fbe4b89e;WTB
07/09/2026 16:57:30;6803837052;Completed;0385532409;0385344178;C;TITA MICKAEL;0;wallettobank;713000;795015172;795728172;c936bfb1-43d3-4138-bd36-b22fa76df81c;WTB
07/09/2026 16:57:31;6803849664;Completed;0349977804;0385344178;C;RANDRIATSIMIALONA;0;wallettobank;950000;795728172;796678172;32bbd806-f8c4-4026-b3da-0e0e16ef477e;WTB
07/09/2026 16:57:48;6803843805;Completed;0385876447;0385344178;C;MPETIZAFY;0;wallettobank;245000;796678172;796923172;11ac60aa-acdb-41d5-a3b4-9b1d2ec201b3;WTB
07/09/2026 15:45:02;6798577309;Completed;0341330995;0385344178;C;BESOLANOROSOA;0;wallettobank;130000;760052995;760182995;e611b754-3510-4f50-be7b-4befa4f7c24d;WTB
07/09/2026 15:45:37;6798633102;Completed;0383745340;0385344178;C;RAZAFINDRAFARA;0;wallettobank;3000;760182995;760185995;f279ca9e-4d37-488a-b659-64c26f534a76;WTB
07/09/2026 16:58:16;6803884099;Completed;0382527420;0385344178;C;Randriamihantasoa;0;wallettobank;681000;796923172;797604172;4b93d6d7-774e-480c-a70e-14067655e8eb;WTB
07/09/2026 16:58:59;6803938848;Completed;0387831279;0385344178;C;RANDRIANANDRASANA;0;wallettobank;910800;797604172;798514972;18cc12c5-c206-48ef-b866-553d15a826fb;WTB
07/09/2026 15:48:36;6798818856;Completed;0343608382;0385344178;C;RANDRIAMAHARAVO;0;wallettobank;2490000;760185995;762675995;1c54a309-a0eb-4841-b218-bea3df6f5f3a;WTB
07/09/2026 16:59:53;6804026730;Completed;0388582327;0385344178;C;RASENDRAMANANA;0;wallettobank;466300;798514972;798981272;d88b6098-2c66-49c9-8b3c-a774efdb4caf;WTB
07/09/2026 17:00:06;6804015108;Completed;0349867574;0385344178;C;Razanamihanta;0;wallettobank;69300;798981272;799050572;5539d3d4-1c0d-47a7-bb8e-303872ba18fa;WTB
07/09/2026 17:00:45;6804061430;Completed;0389422404;0385344178;C;MARINJARA;0;wallettobank;124000;799050572;799174572;f3f53a26-6694-474a-9850-91c059f2f120;WTB
07/09/2026 15:51:41;6799029298;Completed;0385532409;0385344178;C;TITA MICKAEL;0;wallettobank;2698500;762675995;765374495;1fccc8b2-2227-4632-92f3-4c60548a42b1;WTB
07/09/2026 15:51:47;6799054502;Completed;0381062242;0385344178;C;Solonambinina Saotra;0;wallettobank;910000;765374495;766284495;43b817e5-a9dd-449c-911f-c015386ebef0;WTB
07/09/2026 15:52:10;6799075041;Completed;0347244148;0385344178;C;ANDRIAMISANDRATRA;0;wallettobank;481600;766284495;766766095;9c67a450-c27b-4b80-837f-cab86d90f347;WTB
07/09/2026 20:47:03;6816501122;Completed;0346317809;0385344178;C;HANITRINIAINA;0;wallettobank;90000;852671955;852761955;9279524b-ee7c-4950-b764-7c0bf1ab4635;WTB
07/09/2026 18:51:12;6811771914;Completed;0340618789;0385344178;C;RAMASININDRIANA;0;wallettobank;1110000;838800651;839910651;bb09e237-775c-4a32-87c3-9ccc1485592e;WTB
07/09/2026 17:01:25;6804122200;Completed;0388298619;0385344178;C;VALOSOA;0;wallettobank;900000;799174572;800074572;08b9737d-ea56-4ee4-830d-54e1f66333b2;WTB
07/09/2026 17:01:51;6804146700;Completed;0342622324;0385344178;C;rakotomanga;0;wallettobank;370000;800074572;800444572;5676b214-e3b4-4660-9969-83309946de4b;WTB
07/09/2026 18:51:32;6811818600;Completed;0346681927;0385344178;C;NOSY;0;wallettobank;3000;839910651;839913651;783c8109-a6da-48e2-ac74-490e161d03bd;WTB
07/09/2026 17:01:56;6804183692;Completed;0386855667;0385344178;C;Rabearisoa;0;wallettobank;73471;800444572;800518043;09dc3310-59f6-4281-9049-baaecccadf2a;WTB
07/09/2026 15:54:55;6799260198;Completed;0348381036;0385344178;C;Randrianirina;0;wallettobank;339000;766766095;767105095;7b6182a2-5056-4ff4-93af-ce1da890f378;WTB
07/09/2026 17:02:15;6804204454;Completed;0380983078;0385344178;C;Razafindrakoto;0;wallettobank;130000;800542043;800672043;13e54812-1e67-4776-b1fa-dc368da8602f;WTB
07/09/2026 17:02:09;6804170548;Completed;0384002729;0385344178;C;MBOTY;0;wallettobank;24000;800518043;800542043;5b00053a-c2ad-4d90-aa80-1278dbb5e140;WTB
07/09/2026 15:55:34;6799294667;Completed;0382250447;0385344178;C;RAZAFINDRANAIVO;0;wallettobank;40000;767105095;767145095;315f9b97-1970-4e49-9fd4-14c8f153e73e;WTB
07/09/2026 15:56:08;6799334934;Completed;0349747562;0385344178;C;Randriamahenina;0;wallettobank;116500;767145095;767261595;24953baa-171d-4f6e-b7c7-80aa9c1e1112;WTB
07/09/2026 15:56:09;6799336090;Completed;0349023640;0385344178;C;RAFANOMEZANTSOA;0;wallettobank;250000;767261595;767511595;a65910b8-56e5-474b-ace8-42ded6019f33;WTB
07/09/2026 15:56:36;6799385496;Completed;0348808294;0385344178;C;ANDRIANARISOA;0;wallettobank;150000;767511595;767661595;3221ba4d-9c42-4d64-b4ac-0682c80b9758;WTB
07/09/2026 18:52:19;6811854990;Completed;0341587811;0385344178;C;Rakotorahalahy;0;wallettobank;105000;839913651;840018651;49976707-0b66-41a7-b83e-99610e7a95a8;WTB
07/09/2026 17:03:26;6804267676;Completed;0349708929;0385344178;C;RAVOLA;0;wallettobank;120000;800672043;800792043;6996cd73-81ed-4db8-adeb-5fa35435f6ae;WTB
07/09/2026 17:04:05;6804299391;Completed;0349598588;0385344178;C;ravilolona;0;wallettobank;344500;800792043;801136543;467fdce4-033e-4bfd-8acc-f64cb3cd6d00;WTB
07/09/2026 20:49:10;6816551814;Completed;0344655500;0385344178;C;LALARISON;0;wallettobank;10000;852761955;852771955;629ae8e5-7598-40f4-8565-777b15582579;WTB
07/09/2026 17:05:11;6804396124;Completed;0340965775;0385344178;C;ANGELINE;0;wallettobank;75000;801136543;801211543;cc912ba9-fb92-48da-aaf6-b56a0964aa19;WTB
07/09/2026 16:02:16;6799790110;Completed;0389721616;0385344178;C;Raharinjatovo;0;wallettobank;68000;767661595;767729595;d359c5e9-d322-4f3d-b156-3875b234f342;WTB
07/09/2026 18:54:12;6811940176;Completed;0341618814;0385344178;C;FETRANIAINA;0;wallettobank;10000;840018651;840028651;dfd94c1e-66a8-4d9e-86cf-90db8b33a572;WTB
07/09/2026 16:03:01;6799819804;Completed;0342791302;0385344178;C;RAZAFIFANEVA;0;wallettobank;140000;767729595;767869595;42147e1b-6c89-4df1-807a-81a0895740aa;WTB
07/09/2026 16:03:45;6799878795;Completed;0341854563;0385344178;C;ANDRIAMIHAJA;0;wallettobank;200000;767869595;768069595;8be7de29-fc7d-4afa-8c37-408cb1f48000;WTB
07/09/2026 18:54:36;6811996303;Completed;0345401150;0385344178;C;RANAIVOZANANY;0;wallettobank;610000;840028651;840638651;1f2e368a-ba6e-4715-bbd8-1db076c6a153;WTB
07/09/2026 16:04:42;6799957927;Completed;0383920952;0385344178;C;JAOHAVANA;0;wallettobank;900000;768069595;768969595;34a7df91-0158-47c0-b3e8-01726278c67f;WTB
07/09/2026 17:06:46;6804508194;Completed;0340723240;0385344178;C;RASOARINORO;0;wallettobank;490000;801211543;801701543;95cc4b82-48c7-4612-9cbd-e1a149cdb7e0;WTB
07/09/2026 16:05:48;6800020337;Completed;0341470179;0385344178;C;andrianavalona;0;wallettobank;100000;768969595;769069595;8e11f658-867f-4a1d-a83a-1854f6010614;WTB
07/09/2026 16:05:54;6800054902;Completed;0341573048;0385344178;C;RABEZAFY;0;wallettobank;207200;769069595;769276795;d3ed6840-b291-4bf8-a739-44b4a3b6dbdb;WTB
07/09/2026 16:06:08;6800053415;Completed;0380801743;0385344178;C;RANDRIANASOLO;0;wallettobank;57000;769276795;769333795;0aa2890f-b84c-4b5e-93da-49cd32cc9158;WTB
07/09/2026 16:06:31;6800064701;Completed;0383829238;0385344178;C;RAKOTOMANGA;0;wallettobank;32000;769333795;769365795;93a2022f-d6fe-4b1f-8c98-2dae8af67573;WTB
07/09/2026 16:07:16;6800135848;Completed;0349135769;0385344178;C;RASOAMANANJARA;0;wallettobank;880000;769365795;770245795;a0706b05-0b4d-4484-840d-297d38c1d059;WTB
07/09/2026 18:55:39;6812031465;Completed;0344452726;0385344178;C;RASOAMANANTAHIRY;0;wallettobank;520000;840638651;841158651;29f5013d-126c-4735-baf7-63063ab77c2b;WTB
07/09/2026 18:56:21;6812081741;Completed;0349752249;0385344178;C;FREDERIC;0;wallettobank;118000;841158651;841276651;ad0a2913-c0c6-4588-bb8d-e4111330fd5f;WTB
07/09/2026 16:08:50;6800248465;Completed;0341711524;0385344178;C;TODISOA;0;wallettobank;1036000;770245795;771281795;76b1dba5-effc-404f-bf49-6fcd0dabc73e;WTB
07/09/2026 16:08:56;6800262321;Completed;0340661426;0385344178;C;ANJARAVELO;0;wallettobank;681300;771281795;771963095;3fd7e924-750c-4b12-ae2c-91938df2aa8f;WTB
07/09/2026 17:08:20;6804634011;Completed;0383034748;0385344178;C;Solofo;0;wallettobank;2165000;801701543;803866543;30fa9dc5-afdb-4db6-a17e-a522f76bd99a;WTB
07/09/2026 16:09:49;6800319165;Completed;0342249052;0385344178;C;RAZANAJAVA;0;wallettobank;421000;771963095;772384095;7bec0f60-19e5-4536-9d75-ff1bbf3bd72c;WTB
07/09/2026 18:56:37;6812092488;Completed;0385199135;0385344178;C;Rabemeva;0;wallettobank;48800;841276651;841325451;f5c619d0-ba92-4596-962a-57cd2fc2de82;WTB
07/09/2026 16:11:21;6800423745;Completed;0348555762;0385344178;C;RAKOTONDRAJAO;0;wallettobank;85000;772384095;772469095;a7a19629-2f68-4873-8e43-1c0da891c4a5;WTB
07/09/2026 16:13:10;6800564992;Completed;0387928597;0385344178;C;MARIE SOLIE LACIENNE;0;wallettobank;83500;772469095;772552595;fab683b8-a52d-4be6-b6f2-b8ee11dcf88d;WTB
07/09/2026 16:13:16;6800578363;Completed;0341510830;0385344178;C;Andriavohangitsiresena;0;wallettobank;3000000;772552595;775552595;13ac5f3b-98d3-43e6-a6cd-53008a6e8c42;WTB
07/09/2026 17:10:35;6804828683;Completed;0344555598;0385344178;C;Alexis;0;wallettobank;569600;803866543;804436143;9799c995-a58c-45aa-8305-037eeb0445aa;WTB
07/09/2026 16:14:22;6800644474;Completed;0385532409;0385344178;C;TITA MICKAEL;0;wallettobank;296000;775552595;775848595;4dc6039c-cdfc-4f36-8109-ef7d9e32aa00;WTB
07/09/2026 16:14:27;6800619259;Completed;0388466878;0385344178;C;HAINGOHARITIANA;0;wallettobank;317000;775848595;776165595;0bbd11d5-0343-4d85-81f1-bb3c19164cb2;WTB
07/09/2026 16:14:31;6800656613;Completed;0349403015;0385344178;C;SOAMARISY;0;wallettobank;204000;776165595;776369595;1dc7063e-bc77-4409-af34-c87bb9cf2679;WTB
07/09/2026 20:53:25;6816637455;Completed;0388077621;0385344178;C;Jimmy;0;wallettobank;245000;852771955;853016955;749fd47e-013f-4ebc-9106-1f599a50035d;WTB
07/09/2026 16:16:42;6800810334;Completed;0349747562;0385344178;C;Randriamahenina;0;wallettobank;85400;776369595;776454995;523969d1-c515-4fcd-82f3-4ad162aaaeb8;WTB
07/09/2026 16:17:11;6800843882;Completed;0349966003;0385344178;C;ZARASOA;0;wallettobank;103000;776454995;776557995;56c2dbdd-a874-462f-af5a-5a0463ef0673;WTB
07/09/2026 18:59:47;6812224424;Completed;0348830302;0385344178;C;RAZAFINIRINA;0;wallettobank;4000;841325451;841329451;ddd9448b-27bf-4f62-913f-be640afda620;WTB
07/09/2026 19:00:39;6812270056;Completed;0344228536;0385344178;C;MANDROSOARIVO;0;wallettobank;372800;841329451;841702251;72232a32-a01d-4258-8bff-eadc7b2293fa;WTB
07/09/2026 19:00:55;6812328031;Completed;0389429103;0385344178;C;Nirina;0;wallettobank;359400;841702251;842061651;e330f5d0-d480-4752-b89c-2ed9d928184f;WTB
07/09/2026 19:01:32;6812317910;Completed;0340187984;0385344178;C;VOLAMIADANA;0;wallettobank;6500;842061651;842068151;3e750b99-13a7-4c54-a275-dca72388d844;WTB
07/09/2026 16:20:11;6801069006;Completed;0389059502;0385344178;C;CATHERINE;0;wallettobank;610000;777223595;777833595;3d021267-2196-40da-b7e3-d50dd4e474ea;WTB
07/09/2026 16:20:26;6801083592;Completed;0385544982;0385344178;C;RAJAONARIMILY FELIX;0;wallettobank;282000;777833595;778115595;62b9bdac-c647-4dd2-987e-a21d5eb629fd;WTB
07/09/2026 17:11:35;6804885859;Completed;0349002016;0385344178;C;Randimbisoa;0;wallettobank;1210000;804436143;805646143;241490bb-6108-49a0-a2a1-15da4a030c44;WTB
07/09/2026 17:12:03;6804926163;Completed;0389059502;0385344178;C;CATHERINE;0;wallettobank;434500;805646143;806080643;45f9fa08-d412-4aba-98f1-ae06bdf45ba7;WTB
07/09/2026 17:12:16;6804942544;Completed;0345262262;0385344178;C;Ramampihaja;0;wallettobank;178000;806080643;806258643;8c3fd542-f6c6-4e35-b575-77ec43c00323;WTB
07/09/2026 17:12:27;6804969318;Completed;0349145909;0385344178;C;Randriamitiana;0;wallettobank;80000;806258643;806338643;916e4a0a-50c6-470c-9af3-7948ffddc13d;WTB
07/09/2026 19:03:21;6812421916;Completed;0389027230;0385344178;C;HANTAMALALA;0;wallettobank;200000;842068151;842268151;7d96d538-f8e2-4b20-832a-05661010fed8;WTB
07/09/2026 17:14:18;6805070634;Completed;0345373797;0385344178;C;VOAHIRANA;0;wallettobank;265000;806338643;806603643;f3864368-70ee-4356-bd60-13857b8b729b;WTB
07/09/2026 17:15:05;6805142439;Completed;0348119131;0385344178;C;RAKOTONDRAZAFY;0;wallettobank;2065000;806603643;808668643;b9d522cf-6c61-45e3-84f1-2e50b63ea5b6;WTB
07/09/2026 17:15:27;6805176507;Completed;0341211310;0385344178;C;Lalainaharisoa;0;wallettobank;367000;808668643;809035643;a79182c1-6dc9-4dcc-acee-62cc54e7685c;WTB
07/09/2026 19:05:29;6812565387;Completed;0341352580;0385344178;C;Razafimandimby;0;wallettobank;500;842268151;842268651;9eff17c2-cea2-4bf6-a25f-f311aaf130c0;WTB
07/09/2026 19:05:53;6812583777;Completed;0347630389;0385344178;C;Odisy;0;wallettobank;209300;842268651;842477951;339500c7-dbc4-4ea0-8845-fc227b2c5065;WTB
07/09/2026 17:17:22;6805340684;Completed;0389533251;0385344178;C;RAVONJIARISOA;0;wallettobank;143000;809035643;809178643;83f37d23-a4b0-46a7-acac-b52fd0b6d6e4;WTB
07/09/2026 17:17:25;6805330420;Completed;0382604222;0385344178;C;RANDRIAMITIANA;0;wallettobank;60000;809178643;809238643;059a497b-7e31-4faa-9083-23afbc8f7516;WTB
07/09/2026 19:06:21;6812613472;Completed;0343284320;0385344178;C;Rasoanomenjanahary;0;wallettobank;209000;842477951;842686951;e9266667-43e6-4df5-b9cd-b5907accd948;WTB
07/09/2026 17:18:48;6805445600;Completed;0346999504;0385344178;C;RAHANTAHARIVELONA;0;wallettobank;15000;809920643;809935643;badcdf00-d2e9-409f-8338-06e911c41d15;WTB
07/09/2026 17:18:31;6805396297;Completed;0388599274;0385344178;C;RAZANATAHIRY;0;wallettobank;682000;809238643;809920643;8895053d-1289-443b-abea-8bd66d3e68be;WTB
07/09/2026 20:59:09;6816797955;Completed;0346317809;0385344178;C;HANITRINIAINA;0;wallettobank;80000;853016955;853096955;cf8ced86-7659-45b4-bd2f-a66cbff9a5e3;WTB
07/09/2026 17:19:20;6805461230;Completed;0349145909;0385344178;C;Randriamitiana;0;wallettobank;5000;809935643;809940643;b02afa34-3db0-4536-83a6-aaee6920b13f;WTB
07/09/2026 17:19:39;6805464375;Completed;0343716814;0385344178;C;RATSIMBA;0;wallettobank;25000;810238843;810263843;5aec8ad1-439a-4094-ae18-d4c44d40ba63;WTB
07/09/2026 17:19:34;6805507127;Completed;0347138882;0385344178;C;Razafiarisoa;0;wallettobank;298200;809940643;810238843;d320339e-50ac-4d64-94ad-aaa9fe9bde4f;WTB
07/09/2026 17:19:47;6805495802;Completed;0342772808;0385344178;C;RANIVOSOA;0;wallettobank;520000;810263843;810783843;d643335a-8404-47e2-972c-de9e7b3c3133;WTB
07/09/2026 17:20:27;6805541854;Completed;0349160936;0385344178;C;Rajaonilaza Zafindrafaralahy;0;wallettobank;733000;810783843;811516843;9a06d932-dc4e-4169-811b-0af7cd53234d;WTB
07/09/2026 17:20:42;6805571175;Completed;0386395683;0385344178;C;Nirinarisoa;0;wallettobank;147700;811516843;811664543;aeb1a9d5-cbbc-46e6-bcf2-526a75db0770;WTB
07/09/2026 17:21:53;6805645266;Completed;0388293891;0385344178;C;RAHARIMANANA;0;wallettobank;20000;811664543;811684543;464fe95d-9ce5-4bb6-847d-f08ad1d92e69;WTB
07/09/2026 19:11:39;6812849685;Completed;0383942565;0385344178;C;Harizaka;0;wallettobank;56000;842686951;842742951;8392e3ec-69fc-4c3f-8824-1782818b8f80;WTB
07/09/2026 17:24:27;6805871439;Completed;0382148763;0385344178;C;Rasabotsy;0;wallettobank;130000;811684543;811814543;f85fb485-a6fc-4a4a-9b17-f761eb81b364;WTB
07/09/2026 17:24:32;6805844563;Completed;0385210765;0385344178;C;RAHARIFOMBA;0;wallettobank;197000;811814543;812011543;c9df1b5b-c87a-4f2b-b58f-da7515b756f5;WTB
07/09/2026 17:24:40;6805871058;Completed;0345355556;0385344178;C;RABEARISOA;0;wallettobank;500;812011543;812012043;092eb6f1-d924-406f-b2f5-a299f6cefe55;WTB
07/09/2026 17:26:12;6805999880;Completed;0383430145;0385344178;C;RANDRIANANDRAINY;0;wallettobank;490100;812012043;812502143;8a51d743-9d6e-48e1-84e7-bb3f84ed6c52;WTB
07/09/2026 17:26:23;6806001164;Completed;0343482503;0385344178;C;ZAFITININA;0;wallettobank;102000;812502143;812604143;81702617-3125-4d26-8878-cc103de7b27a;WTB
07/09/2026 17:26:34;6806014233;Completed;0340477486;0385344178;C;TANTELINIRINA;0;wallettobank;160000;812709143;812869143;b06c30b5-1ffc-4e34-82aa-e24b908be74d;WTB
07/09/2026 17:26:34;6805999919;Completed;0347131608;0385344178;C;randriatongazady;0;wallettobank;105000;812604143;812709143;27c4871d-3931-4eff-aa29-d53d82c6aeff;WTB
07/09/2026 17:26:40;6806015113;Completed;0341170038;0385344178;C;Razafimiadana;0;wallettobank;160000;812869143;813029143;31a2ea8e-981f-4a36-85df-4a76260b2134;WTB
07/09/2026 17:27:09;6806038117;Completed;0347756982;0385344178;C;Rosta;0;wallettobank;374400;813029143;813403543;7c3ef3a3-6068-44f4-8471-889df4b04564;WTB
07/09/2026 17:27:10;6806039630;Completed;0348625584;0385344178;C;ravohitanie;0;wallettobank;448000;813403543;813851543;ac8597a5-5877-4e6d-ae04-293d6da262f7;WTB
07/09/2026 17:27:30;6806066321;Completed;0345373797;0385344178;C;VOAHIRANA;0;wallettobank;200000;813851543;814051543;3eb7abe1-2960-4676-8fae-ececa8a8d584;WTB
07/09/2026 19:13:33;6813002334;Completed;0382169158;0385344178;C;RASOANAIVO;0;wallettobank;390;842742951;842743341;eec540f7-9c29-4958-b0a8-3f110de646a1;WTB
07/09/2026 17:28:17;6806141063;Completed;0345788277;0385344178;C;MONJALISON;0;wallettobank;210000;814051543;814261543;fd035506-e8ae-465f-bca7-4b16c7c2ba50;WTB
07/09/2026 19:14:58;6813030308;Completed;0341352580;0385344178;C;Razafimandimby;0;wallettobank;580;842743341;842743921;17960ace-e9fa-40be-af7f-167970b95164;WTB
07/09/2026 19:16:04;6813081054;Completed;0345573775;0385344178;C;Randrianirina;0;wallettobank;520000;842743921;843263921;ba858ec2-c159-43e7-8af8-cbe324401076;WTB
07/09/2026 17:31:26;6806393281;Completed;0389165175;0385344178;C;Doliny;0;wallettobank;124500;814261543;814386043;fa39367a-3d9a-4f08-9478-146cbb9c409e;WTB
07/09/2026 19:16:34;6813111708;Completed;0348234544;0385344178;C;RALAIHARIMALALA;0;wallettobank;136000;843263921;843399921;ddc63de1-16ab-42f3-840d-7c1434523b6c;WTB
07/09/2026 17:32:44;6806492144;Completed;0340781929;0385344178;C;RAMANANDRAIBE;0;wallettobank;547000;814516043;815063043;cbd814f1-bbf3-43d2-97b2-8f292c4a9a98;WTB
07/09/2026 17:33:42;6806547267;Completed;0389339858;0385344178;C;RAZAFIMAHANDRY;0;wallettobank;2000000;815063043;817063043;edee399e-413b-4b5d-9efb-1c940daf7236;WTB
07/09/2026 17:33:56;6806562376;Completed;0346550382;0385344178;C;FATRATRAMAMONJIHERITIANA;0;wallettobank;1394200;817063043;818457243;7c531983-7e83-4cc8-a981-8c02de926e32;WTB
07/09/2026 17:34:32;6806585303;Completed;0344482634;0385344178;C;JOJO;0;wallettobank;302300;818457243;818759543;eeeb6e72-c07a-4f91-b6e2-663cb9ec00cc;WTB
07/09/2026 19:18:28;6813192424;Completed;0346545735;0385344178;C;RASOANARIVOLA;0;wallettobank;474500;843399921;843874421;8ddef98e-8fed-4626-b14d-d2448a23f1eb;WTB
07/09/2026 17:36:32;6806761809;Completed;0388161917;0385344178;C;RAOELINA;0;wallettobank;1050000;818759543;819809543;991276da-02da-499a-a602-d56947191a73;WTB
07/09/2026 19:20:45;6813308148;Completed;0341494675;0385344178;C;Ratsara;0;wallettobank;430000;843874421;844304421;2ab12db9-cf06-4334-846d-21c591cff422;WTB
07/09/2026 17:39:46;6806975734;Completed;0349747562;0385344178;C;Randriamahenina;0;wallettobank;74300;820112843;820187143;f079d853-3962-4edc-9d04-2f4c2d6bc42c;WTB
07/09/2026 17:38:33;6806915630;Completed;0388784147;0385344178;C;RAHELIARISOA;0;wallettobank;303300;819809543;820112843;81663330-377f-410b-9eaa-02fd766a466f;WTB
07/09/2026 17:40:42;6807072405;Completed;0346062415;0385344178;C;faniriantsoa;0;wallettobank;600000;820187143;820787143;138724a4-3404-40cf-98d9-22f5cbe48a35;WTB
07/09/2026 17:41:02;6807063857;Completed;0347528748;0385344178;C;RAZANATSARA;0;wallettobank;3000;820787143;820790143;ca2e1d13-af4b-4445-88a0-444bf5dac3e8;WTB
07/09/2026 17:41:58;6807133268;Completed;0343795854;0385344178;C;HASINA MALALATIANA;0;wallettobank;100000;821105143;821205143;ba30e480-750c-412e-b451-c6ef28d70675;WTB
07/09/2026 17:41:58;6807141023;Completed;0346624705;0385344178;C;RANDRIAMANGAHARIVOLA;0;wallettobank;315000;820790143;821105143;15e1c77b-e6d7-43fd-a1db-c9879fb14da1;WTB
07/09/2026 17:42:09;6807162260;Completed;0389508789;0385344178;C;Mandimbisoa;0;wallettobank;810000;821205143;822015143;da057cdb-58b0-4306-8195-34a20d691db7;WTB
07/09/2026 17:44:13;6807328611;Completed;0380965382;0385344178;C;FARASOA MICHELLE;0;wallettobank;80000;822015143;822095143;56c2304f-e44a-4a10-b982-89dbba8fd87b;WTB
07/09/2026 19:27:06;6813647377;Completed;0345851668;0385344178;C;ZOE;0;wallettobank;100000;844304421;844404421;ba031230-1dfd-4afb-b762-ac6254107057;WTB
07/09/2026 17:46:31;6807480557;Completed;0340720416;0385344178;C;HANITRINIALA;0;wallettobank;500000;822095143;822595143;58adb70f-2174-4c97-974d-dc83efba3fc3;WTB
07/09/2026 17:46:53;6807508587;Completed;0346822360;0385344178;C;Rafalimanana;0;wallettobank;228300;822595143;822823443;3c3056e2-e4f1-43c1-a80d-b115ee38e581;WTB
07/09/2026 17:46:56;6807493596;Completed;0344606851;0385344178;C;bezandry;0;wallettobank;90000;822823443;822913443;767479c5-5d35-46fb-8ee2-e139d30ec811;WTB
07/09/2026 17:48:18;6807577388;Completed;0346012991;0385344178;C;Rakotoarison;0;wallettobank;85000;822913443;822998443;943c642f-c4d6-453c-91e0-fee0165058e8;WTB
07/09/2026 17:49:17;6807657937;Completed;0380890003;0385344178;C;HERY TOKITIANA ANDRIANINA;0;wallettobank;328300;822998443;823326743;2876d709-0134-4ef7-8c6c-af652d592195;WTB
07/09/2026 17:49:57;6807712738;Completed;0343115770;0385344178;C;ANDRIAMANANTENA;0;wallettobank;935000;823326743;824261743;25f4aef1-cd6e-4af3-b8e9-abdaa6649f26;WTB
07/09/2026 17:50:58;6807799382;Completed;0349747562;0385344178;C;Randriamahenina;0;wallettobank;18900;824261743;824280643;7d1bde13-1ea4-46f7-9268-93bb53e7de48;WTB
07/09/2026 17:54:11;6808028173;Completed;0345503590;0385344178;C;RAZAFIMANANTSOA;0;wallettobank;1400000;824280643;825680643;c0730abb-8c93-4924-b0ba-98e0d979705a;WTB
07/09/2026 19:33:06;6813913754;Completed;0344566267;0385344178;C;RAZAFIARIVELO;0;wallettobank;555000;844404421;844959421;4d20d382-fdce-4fd8-9682-507aa0731abc;WTB
07/09/2026 17:56:40;6808226486;Completed;0385959686;0385344178;C;RAMAROLAHY;0;wallettobank;1050000;825680643;826730643;9a41b0ea-2aa4-421e-a164-73c2645fb4a8;WTB
07/09/2026 19:36:30;6814032615;Completed;0389866348;0385344178;C;RASOAMIHANTA;0;wallettobank;164100;844959421;845123521;5ded96ad-050d-446c-98b0-eac27ca24fd0;WTB
07/09/2026 17:59:19;6808395477;Completed;0340859774;0385344178;C;VOLOLONIRINA;0;wallettobank;60000;826730643;826790643;0cbcc1f6-3cdb-44ba-8857-37e44609ec8a;WTB
07/09/2026 17:59:42;6808423376;Completed;0388179110;0385344178;C;RAHAJARISONNIRINA;0;wallettobank;110000;826790643;826900643;babd0df0-1803-4601-8be9-4c37b4a15e03;WTB
07/09/2026 18:02:47;6808636769;Completed;0347169808;0385344178;C;Rasoloniaina;0;wallettobank;100000;827082743;827182743;ee8c4601-f6de-48bc-8f28-6854d10a1447;WTB
07/09/2026 18:02:17;6808579118;Completed;0388179110;0385344178;C;RAHAJARISONNIRINA;0;wallettobank;500;826925643;826926143;df2b448a-b711-441b-b86e-8f6e88c1b7bd;WTB
07/09/2026 18:02:10;6808579251;Completed;0344753917;0385344178;C;RASOAHARIMALALA;0;wallettobank;25000;826900643;826925643;a323094a-6b42-4229-96e9-e97648c8ae7a;WTB
07/09/2026 18:02:22;6808612323;Completed;0344185508;0385344178;C;RAMANANJANAHARY;0;wallettobank;156600;826926143;827082743;c1b37b9d-e1b6-4b94-a2aa-b2b96360a014;WTB
07/09/2026 19:39:11;6814152437;Completed;0385633890;0385344178;C;FENOMANANTSOA;0;wallettobank;180000;845123521;845303521;0113027e-14bd-4dea-8025-98de337848f6;WTB
07/09/2026 18:04:48;6808770905;Completed;0388574965;0385344178;C;ANDRIANJAFIHANTA;0;wallettobank;120000;827182743;827302743;69ea40b5-a127-4b04-806a-8151c70e7f44;WTB
07/09/2026 18:04:51;6808786872;Completed;0345449766;0385344178;C;RAHARIMANANA;0;wallettobank;610000;827302743;827912743;2622f5f3-6da8-4a52-9c37-3a342cad8f97;WTB
07/09/2026 18:05:16;6808816761;Completed;0388179110;0385344178;C;RAHAJARISONNIRINA;0;wallettobank;5000;827912743;827917743;6b4c1dc0-4d55-418c-84e7-577bd8e14b2a;WTB
07/09/2026 18:06:54;6808935338;Completed;0388574965;0385344178;C;ANDRIANJAFIHANTA;0;wallettobank;130000;828316743;828446743;e6d9cbaa-7d20-4c7a-9897-801e2f4e0683;WTB
07/09/2026 18:06:18;6808902277;Completed;0384442962;0385344178;C;VONONA;0;wallettobank;399000;827917743;828316743;25ab58ff-6999-4197-9e14-8417bfc4d7aa;WTB
07/09/2026 19:40:18;6814212648;Completed;0346542313;0385344178;C;RAZANAMIADANA;0;wallettobank;10000;845303521;845313521;bb39f588-94d9-415a-a3f2-636118dd96bc;WTB
07/09/2026 18:08:57;6809098336;Completed;0348315411;0385344178;C;ZOELISOA;0;wallettobank;482000;828446743;828928743;63cf23d2-7657-4f71-9090-ec5a056bf27f;WTB
07/09/2026 18:10:21;6809192987;Completed;0341673877;0385344178;C;Berthin;0;wallettobank;510000;828928743;829438743;c4b7401b-d1d8-48a4-9711-2f82e03ce88f;WTB
07/09/2026 18:14:04;6809437491;Completed;0386230636;0385344178;C;ESTELLE;0;wallettobank;570000;829438743;830008743;393e1357-322d-42c7-98cc-3f61ba796b62;WTB
07/09/2026 18:14:09;6809455034;Completed;0346064933;0385344178;C;Razafindranaly;0;wallettobank;610000;830008743;830618743;c1dc595b-4f34-43ec-92a0-618c6ac262f1;WTB
07/09/2026 18:17:02;6809644456;Completed;0384674700;0385344178;C;RAKOTONDRAZAFY;0;wallettobank;370200;830618743;830988943;3f26b346-4134-4b13-b298-236d02969301;WTB
07/09/2026 18:18:03;6809681972;Completed;0341438838;0385344178;C;RAVAVY;0;wallettobank;110000;830988943;831098943;cfb90742-81b7-49be-89e0-9b7dc0c5d515;WTB
07/09/2026 18:18:29;6809721499;Completed;0387242808;0385344178;C;RAHANTAMALALA;0;wallettobank;80000;831098943;831178943;540773cf-eaed-4735-b921-b551d6b3d49d;WTB
07/09/2026 18:18:45;6809732089;Completed;0380642199;0385344178;C;RARIVOHANITRA;0;wallettobank;1560000;831178943;832738943;26813240-f732-4c68-94f4-e212017bf6b3;WTB
07/09/2026 19:50:15;6814624207;Completed;0346578903;0385344178;C;Rajaomihavana;0;wallettobank;511200;845313521;845824721;96f2cefb-beaa-4adc-b3f9-484a35342f34;WTB
07/09/2026 18:20:28;6809850913;Completed;0380247355;0385344178;C;RASIDISON;0;wallettobank;167000;832738943;832905943;92dde089-727f-47ff-939b-a7e29598665a;WTB
07/09/2026 19:52:16;6814717411;Completed;0343049947;0385344178;C;JOSOA;0;wallettobank;186600;845824721;846011321;a1fbb2f2-1a91-4a65-8dda-ef1a2a76fb7c;WTB
07/09/2026 19:52:36;6814735112;Completed;0343726536;0385344178;C;SAFIDINIRINA;0;wallettobank;510000;846011321;846521321;b678c2f8-4760-48d4-90d1-6e0e09667c9d;WTB
07/09/2026 18:22:37;6810002254;Completed;0345563322;0385344178;C;Jerizandry;0;wallettobank;42400;832905943;832948343;22761925-d264-4090-a39a-cf7d0aaff3d7;WTB
07/09/2026 18:23:43;6810097286;Completed;0381471190;0385344178;C;Rasoarimalala;0;wallettobank;606000;832948343;833554343;0fec69cc-f7ca-4fb4-ad87-8ab1b608e69b;WTB
07/09/2026 18:24:20;6810132343;Completed;0348379520;0385344178;C;Rakotoniriana;0;wallettobank;275000;833554343;833829343;3816fd43-cbe4-48af-82d6-e443a5ee6b67;WTB
07/09/2026 19:58:01;6814916403;Completed;0340517142;0385344178;C;Ramasimanana;0;wallettobank;250000;846521321;846771321;c0862684-c2d3-42b9-8c90-b72e60978350;WTB
07/09/2026 19:58:41;6814959079;Completed;0389422404;0385344178;C;MARINJARA;0;wallettobank;123000;846771321;846894321;9e05f234-d6c5-4595-9d53-79608f7aebc0;WTB
07/09/2026 19:59:22;6814978299;Completed;0386296537;0385344178;C;RAHARINDRAFY;0;wallettobank;186000;846894321;847080321;d02f39ad-235d-454f-ac34-f156b44804d0;WTB
07/09/2026 19:59:34;6814993379;Completed;0388913180;0385344178;C;Nirina;0;wallettobank;305000;847080321;847385321;79bd94e7-04e5-4756-bd5c-823349968a52;WTB
07/09/2026 20:01:02;6815017034;Completed;0345702024;0385344178;C;ANDRIANTSIMIETY;0;wallettobank;512200;847385321;847897521;92a05621-f1fe-4478-b3dd-e05e1a1eab3a;WTB
07/09/2026 20:06:34;6815255846;Completed;0382891265;0385344178;C;FANOMEZANTSOA;0;wallettobank;76000;847897521;847973521;b2415338-8fa3-4ac3-83d9-cd1cc3a21e25;WTB
07/09/2026 20:08:16;6815300969;Completed;0382891265;0385344178;C;FANOMEZANTSOA;0;wallettobank;500;847973521;847974021;41473684-bb2b-4470-ba60-7dc554e6ab0c;WTB
07/09/2026 20:09:36;6815380700;Completed;0347183116;0385344178;C;BARTI;0;wallettobank;1234;847974021;847975255;19a24c91-5984-4f19-937b-ee3e6b322f82;WTB
07/09/2026 20:12:00;6815453109;Completed;0348315411;0385344178;C;ZOELISOA;0;wallettobank;7000;847975255;847982255;c13ac694-9878-4dda-a710-18b0477f9ce6;WTB
07/09/2026 20:13:30;6815492593;Completed;0347183116;0385344178;C;BARTI;0;wallettobank;2000000;847982255;849982255;99c020cd-2388-415e-964a-965a8067abec;WTB
07/09/2026 20:23:37;6815847029;Completed;0347183116;0385344178;C;BARTI;0;wallettobank;250000;849982255;850232255;54571e40-2af1-4cae-828f-77cf9dc3455b;WTB
07/09/2026 21:12:02;6817100932;Completed;0384614188;0385344178;C;RAZANABOAAHARISOA;0;wallettobank;4500;853096955;853101455;1af50d17-dda9-40e2-bbbd-8db31ed2a9af;WTB
07/09/2026 21:15:12;6817130832;Completed;0384614188;0385344178;C;RAZANABOAAHARISOA;0;wallettobank;985000;853101455;854086455;0a4f43d4-404a-44f1-94bf-c6183196339f;WTB
07/09/2026 21:23:14;6817295730;Completed;0384614188;0385344178;C;RAZANABOAAHARISOA;0;wallettobank;4500;854086455;854090955;c1bf3406-7ba1-4e38-b438-8cbde62afc9c;WTB
07/09/2026 21:30:00;6817415473;Completed;0382199943;0385344178;C;RASOARIMANANA;0;wallettobank;100000;854090955;854190955;9d265b6b-2969-4de7-a7dc-c8570746c26b;WTB
07/09/2026 21:30:47;6817427897;Completed;0344305244;0385344178;C;Ravolahasina;0;wallettobank;1300000;854190955;855490955;c5110c52-663a-4f73-b075-0bfcce06dba1;WTB
07/09/2026 21:49:19;6817681799;Completed;0340894379;0385344178;C;MOUSTAKIMA;0;wallettobank;2090000;855490955;857580955;f668bc63-713c-438a-a95e-0f7cdb660d59;WTB
07/09/2026 22:00:37;6817811649;Completed;0345562458;0385344178;C;RASOARINAVALONA;0;wallettobank;295000;857580955;857875955;55101263-18b3-4b34-8734-7da7fe249b68;WTB
