DATE_TRANS;TRANSID_MVOLA;STATE;MSISDN;PIVOT;SENS;NOM;TRANSID_PARENT;TRANS_TYPE;AMOUNT;SOLDE_PIVOT_AVANT;SOLDE_PIVOT_APRES;ORIGFTID;TYPE_OPERATION
10/09/2026 06:22:49;6936670933;Completed;0346427922;0385344178;C;RAZAFINDRAZAKANDRAHITA;0;wallettobank;10000;114773816;114783816;8e705675-6a80-4558-a480-9a1e90a1e156;WTB
10/09/2026 06:59:40;6937969836;Completed;0386956542;0385344178;C;ANDRIAMANANJARASOA;0;wallettobank;142700;117220516;117363216;304bae2a-983a-45a0-b5d7-f1bf8a4ad67f;WTB
10/09/2026 06:51:20;6937630531;Completed;0349932036;0385344178;C;LETSIVA;0;wallettobank;2400;116217116;116219516;5a3cb337-9cc0-41ac-82ef-75995c0e610d;WTB
10/09/2026 06:32:01;6936941372;Completed;0347696021;0385344178;C;RANDRIANARISOA;0;wallettobank;79000;114783816;114862816;2ac496e0-2d69-4354-81c4-f59f31b90da3;WTB
10/09/2026 07:00:14;6937980183;Completed;0346193439;0385344178;C;randriamanantany;0;wallettobank;1150000;117363216;118513216;6fa05be5-6c49-4822-9dca-059bdd37cb67;WTB
10/09/2026 06:42:48;6937285098;Completed;0346062415;0385344178;C;faniriantsoa;0;wallettobank;200000;114862816;115062816;def5fb7a-3218-4f60-ac81-9a9add1c00c5;WTB
10/09/2026 06:44:14;6937330918;Completed;0344477442;0385344178;C;Rakotoarison;0;wallettobank;1040000;115062816;116102816;5f77c0c0-9554-4648-8c74-e9ada25352dc;WTB
10/09/2026 05:28:05;6935723219;Completed;0345270821;0385344178;C;Tsilenty;0;wallettobank;30000;114341316;114371316;8a92a489-4eb1-4a7e-93f0-75b8339d9c96;WTB
10/09/2026 06:46:20;6937434782;Completed;0346062415;0385344178;C;faniriantsoa;0;wallettobank;2000;116102816;116104816;05033fbc-8921-4c38-ae02-adcac9e0c464;WTB
10/09/2026 05:42:12;6935854514;Completed;0342347314;0385344178;C;RANDRIAMAMONJY;0;wallettobank;402500;114371316;114773816;30d0dd0d-6161-41b0-9259-adeeaf948621;WTB
10/09/2026 06:53:40;6937727314;Completed;0349932036;0385344178;C;LETSIVA;0;wallettobank;301000;116219516;116520516;edd62554-407a-4823-9063-035f2c903d5f;WTB
10/09/2026 06:54:05;6937730348;Completed;0348988830;0385344178;C;andriamanalina;0;wallettobank;180000;116520516;116700516;bc0916c7-30d9-4d2e-8958-e76ebf352c1b;WTB
10/09/2026 06:50:17;6937553231;Completed;0349932036;0385344178;C;LETSIVA;0;wallettobank;112300;116104816;116217116;4331c34c-be25-4899-bc55-2ed0545b7c49;WTB
10/09/2026 06:58:12;6937906571;Completed;0386169641;0385344178;C;RAHARINIRINA;0;wallettobank;520000;116700516;117220516;3f3e3e7f-f318-4fbd-9e2b-6ae726a94c84;WTB
10/09/2026 07:40:02;6940036907;Completed;0382199943;0385344178;C;RASOARIMANANA;0;wallettobank;2700;123424216;123426916;0254bf2a-1401-4d4b-bb6b-d7ca808358dc;WTB
10/09/2026 07:05:08;6938198742;Completed;0341535476;0385344178;C;ELIEN;0;wallettobank;3000000;118513216;121513216;06e5688f-9458-49dc-a18c-19c890cd1df8;WTB
10/09/2026 07:05:44;6938207243;Completed;0345669375;0385344178;C;JULIETTE CHARLINE;0;wallettobank;100000;121513216;121613216;8d99c982-8b40-4f2c-9e5c-81dd018d65b2;WTB
10/09/2026 07:51:00;6940709864;Completed;0346894048;0385344178;C;RASOAHARIMANGA;0;wallettobank;100000;123966016;124066016;fe9b9f43-5e61-42d0-b697-aac96d39ec81;WTB
10/09/2026 07:12:29;6938533529;Completed;0341345774;0385344178;C;RANDRIAMAMISOA;0;wallettobank;65000;121613216;121678216;c965e6e9-f4fd-4b00-8d2f-6558338d4293;WTB
10/09/2026 08:39:45;6944314178;Completed;0385342063;0385344178;C;TSINIVARINANA HARIVELO KEAN JACQUES MARCEL;0;wallettobank;1035000;136181116;137216116;92a6e29b-8739-444d-b5d1-9fe1715de98d;WTB
10/09/2026 07:17:41;6938761029;Completed;0344553585;0385344178;C;RANDRIANARISON;0;wallettobank;35000;121678216;121713216;c3bac556-f241-4b92-bb8a-1cf44dde063f;WTB
10/09/2026 07:40:55;6940058538;Completed;0346234199;0385344178;C;RASOANANDRASANA;0;wallettobank;315000;123426916;123741916;e2630509-f2ba-4b9f-a091-1fec2088385d;WTB
10/09/2026 07:41:14;6940111847;Completed;0346688000;0385344178;C;rafanomezantsoa;0;wallettobank;100000;123741916;123841916;703310c1-6cb8-4471-8cb8-8bf75c09bb45;WTB
10/09/2026 07:41:17;6940084760;Completed;0382199943;0385344178;C;RASOARIMANANA;0;wallettobank;6100;123841916;123848016;ecaaaf81-cb40-45f8-87a5-ab327401794b;WTB
10/09/2026 07:30:41;6939474126;Completed;0380506404;0385344178;C;Rasoanantenaina;0;wallettobank;160000;121713216;121873216;878f6e5f-de71-4d37-9a06-a9e2d66733a6;WTB
10/09/2026 07:31:34;6939508996;Completed;0380705391;0385344178;C;LEON;0;wallettobank;400000;121873216;122273216;d0ae9795-ec03-4ba5-9543-91b2627259fd;WTB
10/09/2026 07:32:29;6939572852;Completed;0382199943;0385344178;C;RASOARIMANANA;0;wallettobank;110000;122273216;122383216;b7c0f76c-aa4b-44b9-89d2-14dd38ab658a;WTB
10/09/2026 08:19:10;6942700044;Completed;0344398334;0385344178;C;Rakotomalala;0;wallettobank;892000;129622616;130514616;4493d761-c3d2-45d1-b51d-a0f22d963945;WTB
10/09/2026 07:37:46;6939900758;Completed;0346005767;0385344178;C;ranjakavohitra;0;wallettobank;240000;122383216;122623216;3331fca0-1e1f-4087-9783-ab6027f09052;WTB
10/09/2026 08:06:36;6941761137;Completed;0387874433;0385344178;C;Rasaminirina;0;wallettobank;450000;125956116;126406116;cd3b1f7b-50d4-42e1-b068-b11f5e3e295e;WTB
10/09/2026 07:38:14;6939922700;Completed;0381669526;0385344178;C;ANDRIANANTENAINA;0;wallettobank;800000;122623216;123423216;0defe3af-9eab-42a4-8d93-39ec11b43773;WTB
10/09/2026 07:38:39;6939955586;Completed;0382199943;0385344178;C;RASOARIMANANA;0;wallettobank;1000;123423216;123424216;b84e89f2-c7e9-4cb7-b195-752964f97253;WTB
10/09/2026 07:53:58;6940900969;Completed;0380951595;0385344178;C;RAZAFIMAHANDRY;0;wallettobank;407000;124066016;124473016;ebf5122d-4ab0-41ce-9909-ae462ea9c8b8;WTB
10/09/2026 07:47:33;6940471991;Completed;0349189564;0385344178;C;Andrianarilala;0;wallettobank;118000;123848016;123966016;27cdcd84-6162-4f14-a437-eb177c3b8df9;WTB
10/09/2026 08:19:53;6942748817;Completed;0343636722;0385344178;C;rasoloarimalanto;0;wallettobank;200;130514616;130514816;2379daeb-1277-4787-a08e-470ecde20842;WTB
10/09/2026 07:56:46;6941092405;Completed;0346337345;0385344178;C;Andriamandimby;0;wallettobank;905700;124473016;125378716;b93ca860-c9e0-4c99-993e-de1ad2a6a1f8;WTB
10/09/2026 07:57:33;6941135026;Completed;0341176424;0385344178;C;RATIARISON;0;wallettobank;88000;125378716;125466716;de41df56-2db6-45e2-95ab-a20f7458d334;WTB
10/09/2026 07:58:05;6941192329;Completed;0385502151;0385344178;C;SARINDRAMALALA;0;wallettobank;219000;125466716;125685716;b97d46ff-c8dd-4c66-9b05-dcec2a763a8e;WTB
10/09/2026 08:02:50;6941512104;Completed;0388582327;0385344178;C;RASENDRAMANANA;0;wallettobank;213400;125742716;125956116;f43d3cd1-e5cf-448d-a462-fae95416aaf2;WTB
10/09/2026 07:58:08;6941205765;Completed;0344411641;0385344178;C;OLY VERO;0;wallettobank;57000;125685716;125742716;74a5d1f6-86f5-4a4a-8258-cb85eee3f78c;WTB
10/09/2026 09:01:11;6946029976;Completed;0340752296;0385344178;C;Razafindrazaka;0;wallettobank;5000;140480016;140485016;b3dc3cf3-7d3f-41d2-8473-9d94741cdf71;WTB
10/09/2026 08:09:59;6942055707;Completed;0342622324;0385344178;C;rakotomanga;0;wallettobank;145000;126456116;126601116;dbb7cd15-4787-4178-989f-3e564f260857;WTB
10/09/2026 08:21:01;6942877178;Completed;0349836599;0385344178;C;RAKOTOSON;0;wallettobank;100000;130514816;130614816;33e64e1b-8e69-4c6f-8414-6ff03dc023fe;WTB
10/09/2026 08:09:47;6942033867;Completed;0385651446;0385344178;C;Ramamonjisoa;0;wallettobank;50000;126406116;126456116;7f96b1d9-b2c1-487d-b317-f5c2842a676e;WTB
10/09/2026 08:10:28;6942056393;Completed;0382978258;0385344178;C;RASOARINIRINA;0;wallettobank;107000;126601116;126708116;00192953-c5b1-462a-a59d-564cc66f2c34;WTB
10/09/2026 08:22:03;6942910280;Completed;0385574145;0385344178;C;RAZAFINJANAHARY;0;wallettobank;195000;130614816;130809816;ecac06ec-5f22-46fb-bf88-eb8d3c8c6e4d;WTB
10/09/2026 08:11:05;6942103637;Completed;0345955821;0385344178;C;Haniholinifaliana;0;wallettobank;455000;126708116;127163116;17e61cb4-9539-4dba-92fa-928895285a0e;WTB
10/09/2026 09:01:22;6945997209;Completed;0387403493;0385344178;C;Razafindranaivo;0;wallettobank;70000;140485016;140555016;cf764cc3-3c98-4f3b-9206-709a58c9635d;WTB
10/09/2026 08:30:24;6943558422;Completed;0349457029;0385344178;C;RASOANDALANA;0;wallettobank;910000;134085316;134995316;325128d3-e389-4169-8491-7e8af6098834;WTB
10/09/2026 08:14:44;6942391988;Completed;0340994686;0385344178;C;radison;0;wallettobank;20000;127163116;127183116;055654c9-12af-4e97-8386-380ce68f423b;WTB
10/09/2026 08:15:49;6942446128;Completed;0346724451;0385344178;C;NANDIMBITOMBO;0;wallettobank;265000;127183116;127448116;afcc053f-4cee-44f7-aeda-ec2eac6e618f;WTB
10/09/2026 08:16:33;6942504646;Completed;0388348639;0385344178;C;Ramaroson;0;wallettobank;160000;127448116;127608116;18157d3c-9248-4462-bb60-5d74fb8f9be9;WTB
10/09/2026 08:17:02;6942525225;Completed;0340419551;0385344178;C;RAZAFINJOHARY;0;wallettobank;225500;127608116;127833616;e4057dce-37cd-40a9-80f8-b32ecf38ff26;WTB
10/09/2026 08:17:27;6942560371;Completed;0346004874;0385344178;C;ANDRIAMBOLOLONA;0;wallettobank;1450000;127833616;129283616;d9e9ed30-2448-4146-bf2b-ecb879e44fee;WTB
10/09/2026 08:24:53;6943151805;Completed;0387454533;0385344178;C;ANDRIANTSOAVINA;0;wallettobank;1000000;130809816;131809816;f26290e9-1ee7-4ce5-b675-b8ca7e03ff62;WTB
10/09/2026 08:17:39;6942618145;Completed;0343636722;0385344178;C;rasoloarimalanto;0;wallettobank;2000;129283616;129285616;33ce9809-2af6-4859-95ab-f039b6a03c81;WTB
10/09/2026 08:18:37;6942648602;Completed;0344411641;0385344178;C;OLY VERO;0;wallettobank;337000;129285616;129622616;843435c2-d842-429f-bcf0-a701435a54ec;WTB
10/09/2026 09:14:27;6947061915;Completed;0348289066;0385344178;C;RAKOTOSOA;0;wallettobank;980000;143227016;144207016;569dc825-3d4e-4475-97d5-c54552d42727;WTB
10/09/2026 08:25:27;6943179635;Completed;0383829238;0385344178;C;RAKOTOMANGA;0;wallettobank;750000;131809816;132559816;a9e96a47-2802-44b0-966d-2874342fa417;WTB
10/09/2026 08:32:30;6943719787;Completed;0346435399;0385344178;C;Nambinintsoa;0;wallettobank;157000;134995316;135152316;24230f96-d7ea-4bc3-995b-547f0facf2e6;WTB
10/09/2026 08:26:09;6943217950;Completed;0388913180;0385344178;C;Nirina;0;wallettobank;3000;132559816;132562816;16c17e64-e8a1-4184-bbac-47651a1e46ac;WTB
10/09/2026 08:27:02;6943310325;Completed;0348965389;0385344178;C;RAZAFIARISOA FARATINA ALICE;0;wallettobank;1522500;132562816;134085316;6bb00b32-8a01-4f5e-a128-cfb5608def07;WTB
10/09/2026 08:35:32;6943983359;Completed;0340324503;0385344178;C;BENASAINA;0;wallettobank;608800;135152316;135761116;94e89fc9-2014-4ffb-88c7-d8661202a2ef;WTB
10/09/2026 08:51:16;6945240470;Completed;0384894856;0385344178;C;RATEFIARISON 5;0;wallettobank;3500;138311116;138314616;d84fb55d-6fce-4cf4-a0c6-ca5e17f98e41;WTB
10/09/2026 08:43:03;6944570097;Completed;0343316866;0385344178;C;Tsaravelo;0;wallettobank;147000;137216116;137363116;78f3e2d4-c13f-4ee7-ae4b-5beaa81b7558;WTB
10/09/2026 09:02:57;6946145597;Completed;0348036568;0385344178;C;volanimanana;0;wallettobank;200000;140555016;140755016;c3330bb7-109a-4219-8506-d52d66fe7261;WTB
10/09/2026 08:36:42;6944074032;Completed;0380135467;0385344178;C;Ranaivoson;0;wallettobank;20000;135761116;135781116;3c565d14-f970-44c0-8384-2940951ffab2;WTB
10/09/2026 09:03:34;6946229923;Completed;0380999225;0385344178;C;BAKONANDRASANA;0;wallettobank;242000;140755016;140997016;3a39a562-cfee-4734-84fe-89950f53ef4e;WTB
10/09/2026 08:39:26;6944278416;Completed;0341229271;0385344178;C;Randrianarison;0;wallettobank;400000;135781116;136181116;5bd197ae-a6ec-4821-a50c-d11876adfd95;WTB
10/09/2026 08:44:37;6944695719;Completed;0343526623;0385344178;C;RAMIADAMAHEFA;0;wallettobank;280000;137363116;137643116;2da0596d-b1d5-4004-b73f-3e0f1c8dbc83;WTB
10/09/2026 08:45:17;6944736046;Completed;0387928597;0385344178;C;MARIE SOLIE LACIENNE;0;wallettobank;198000;137643116;137841116;45f659e3-c5f9-43a1-999e-d84bc3606820;WTB
10/09/2026 09:49:55;6949985834;Completed;0342662807;0385344178;C;Nasandratra Fenohasina Elie Jean;0;wallettobank;300000;153556216;153856216;8a5e1cb1-6739-44e3-933b-6d863dd59cb7;WTB
10/09/2026 09:04:31;6946255811;Completed;0382239721;0385344178;C;ERICA;0;wallettobank;56000;140997016;141053016;a66adca8-d50c-4825-9d7f-847b5e78295d;WTB
10/09/2026 09:16:03;6947193624;Completed;0381117599;0385344178;C;RASOLOMANANA;0;wallettobank;970000;144207016;145177016;8d2ad017-1d2d-42c0-b8c2-4380ba6cb357;WTB
10/09/2026 08:53:58;6945427848;Completed;0344246598;0385344178;C;Razafinatoandro;0;wallettobank;80500;138314616;138395116;af7c3089-e0b3-4fec-ab96-7973ee30f415;WTB
10/09/2026 08:47:20;6944909855;Completed;0340448471;0385344178;C;Niombonanaharijaona;0;wallettobank;300000;137841116;138141116;aa6be301-22e3-403e-91db-69b5a880b6a6;WTB
10/09/2026 10:16:51;6952110495;Completed;0388724996;0385344178;C;VESTINE;0;wallettobank;163400;163942516;164105916;3e13d5a0-8b3a-4082-8d73-dd078ebc1aae;WTB
10/09/2026 09:05:00;6946292480;Completed;0344684482;0385344178;C;Ratsitohaina;0;wallettobank;1730000;141053016;142783016;d44a83e2-b4f6-4429-882a-45ac0fbd3a78;WTB
10/09/2026 08:49:37;6945095671;Completed;0345713744;0385344178;C;RAHERITAFIKARIVO;0;wallettobank;170000;138141116;138311116;00eebc7c-e825-4000-9f07-72421675e548;WTB
10/09/2026 09:16:49;6947285980;Completed;0381976362;0385344178;C;RASOAMALALA;0;wallettobank;40000;145177016;145217016;9bddb84b-67d5-4c19-86bc-7e51c33c785b;WTB
10/09/2026 09:32:13;6948536166;Completed;0344309382;0385344178;C;RAMBAHINOROTIANA;0;wallettobank;3000;149283016;149286016;5a0558c1-0691-460b-9e58-6f7359c6a8ae;WTB
10/09/2026 08:58:39;6945789248;Completed;0384262639;0385344178;C;RALAISOA;0;wallettobank;100000;138395116;138495116;1c186895-a9d9-4f70-9336-3b80216e5cbe;WTB
10/09/2026 08:58:46;6945809048;Completed;0343963207;0385344178;C;Razanabao;0;wallettobank;124100;138495116;138619216;2558f1e1-c8a2-4eee-b55c-49f0da0b536e;WTB
10/09/2026 09:00:06;6945906518;Completed;0387033181;0385344178;C;CLEMAX;0;wallettobank;320000;139904016;140224016;697b7150-a87c-4562-b06e-988a0c7db42e;WTB
10/09/2026 08:59:26;6945885898;Completed;0387019706;0385344178;C;MAHAIZAMANANA;0;wallettobank;115000;138619216;138734216;43279d03-5dc6-4805-8c35-9804d3469044;WTB
10/09/2026 08:59:27;6945895203;Completed;0346550382;0385344178;C;FATRATRAMAMONJIHERITIANA;0;wallettobank;144800;138734216;138879016;96d28084-4e56-451e-a422-4849dd4fd190;WTB
10/09/2026 08:59:33;6945887333;Completed;0340752296;0385344178;C;Razafindrazaka;0;wallettobank;1000000;138879016;139879016;1b4aafaa-ef2e-441f-993b-703898a4f816;WTB
10/09/2026 09:00:05;6945899971;Completed;0340752296;0385344178;C;Razafindrazaka;0;wallettobank;25000;139879016;139904016;ec9f9373-d8a3-4007-a867-20f5199189c6;WTB
10/09/2026 09:00:09;6945916877;Completed;0383020961;0385344178;C;RAZANAMALALA;0;wallettobank;200000;140224016;140424016;0a71568d-9bac-456b-84b8-eb53fbe2160a;WTB
10/09/2026 09:00:49;6945992375;Completed;0346415482;0385344178;C;KALORANTOARIVOLA;0;wallettobank;56000;140424016;140480016;d326cc26-f259-41ce-8c32-669ac724680f;WTB
10/09/2026 09:18:49;6947458263;Completed;0347894902;0385344178;C;ROSETTE;0;wallettobank;108000;145217016;145325016;402e461f-4359-4f55-bc15-e65f58e85b52;WTB
10/09/2026 09:18:52;6947464890;Completed;0382069414;0385344178;C;Ramanantiaray;0;wallettobank;90000;145325016;145415016;2f26ae32-e284-400e-b889-c2d41eddbcec;WTB
10/09/2026 09:33:27;6948627308;Completed;0342814342;0385344178;C;RAZAFINDRASAMBA;0;wallettobank;170600;149286016;149456616;692f271b-1260-4ac8-a7e1-f5f27fdcedc4;WTB
10/09/2026 09:10:31;6946792476;Completed;0340419551;0385344178;C;RAZAFINJOHARY;0;wallettobank;74000;142783016;142857016;8728d96e-b120-4b81-8f97-34cfcab4776b;WTB
10/09/2026 09:11:08;6946786427;Completed;0346724451;0385344178;C;NANDIMBITOMBO;0;wallettobank;370000;142857016;143227016;9b8a2fab-750d-4fe0-8bc1-fdb66b875238;WTB
10/09/2026 09:33:58;6948697309;Completed;0344078575;0385344178;C;TODIRAZA;0;wallettobank;187600;149456616;149644216;1a863db9-cc93-430c-b295-549c22015a7c;WTB
10/09/2026 10:17:55;6952198634;Completed;0344067071;0385344178;C;RAZAFINDRAFARA;0;wallettobank;167000;164105916;164272916;57230baa-ea73-46e1-b97e-41b3254e4d96;WTB
10/09/2026 09:22:11;6947718099;Completed;0345815730;0385344178;C;Rajimy;0;wallettobank;226800;145415016;145641816;dc49a887-19bf-461a-938b-e77b26ce1d59;WTB
10/09/2026 09:23:10;6947784562;Completed;0387681217;0385344178;C;Rasoanirina;0;wallettobank;462700;145641816;146104516;27ec90fc-1663-44a0-96ab-13e34b015446;WTB
10/09/2026 09:23:15;6947792043;Completed;0389658036;0385344178;C;ANDRIAMANOHISOA MAMINANDRIANINA SEDRA FINOANA;0;wallettobank;150000;146104516;146254516;badfb096-807a-483b-a277-972ee092e14c;WTB
10/09/2026 09:23:29;6947824243;Completed;0347528748;0385344178;C;RAZANATSARA;0;wallettobank;602500;146254516;146857016;17ee6dbc-b0b1-4697-bd9e-29d8b0507ef1;WTB
10/09/2026 09:23:40;6947853984;Completed;0389779261;0385344178;C;RASOANDRINA;0;wallettobank;740000;146857016;147597016;6caacb31-5384-45bd-8080-e218303c9603;WTB
10/09/2026 10:42:23;6954060000;Completed;0344588881;0385344178;C;RABENAHOANA;0;wallettobank;420000;168224616;168644616;30e623c6-17c6-4343-b90f-bf9dfdff1907;WTB
10/09/2026 09:25:31;6947985758;Completed;0349017304;0385344178;C;RAKOTOMAVO;0;wallettobank;1330000;147597016;148927016;0aff97f1-a4cd-4987-be44-5a50923a49d6;WTB
10/09/2026 09:36:13;6948874705;Completed;0386231507;0385344178;C;VELOARISOA;0;wallettobank;2000;149644216;149646216;3b79083f-cbbe-4d54-99a2-c5dfec8a15c7;WTB
10/09/2026 09:36:24;6948866136;Completed;0346123655;0385344178;C;Rakotomamonjy;0;wallettobank;380000;149646216;150026216;d4959e94-a4f1-400b-93c9-c044525b6420;WTB
10/09/2026 09:27:45;6948174063;Completed;0386608812;0385344178;C;RAKOTOMAVO;0;wallettobank;30000;148927016;148957016;8baaf712-e137-4458-86af-265e8cca1571;WTB
10/09/2026 09:27:50;6948199887;Completed;0389957480;0385344178;C;RAHERIARINIRINA;0;wallettobank;82000;148957016;149039016;0493ae82-e120-43a8-bd0b-c00c30ff57da;WTB
10/09/2026 09:28:26;6948219929;Completed;0341923006;0385344178;C;RABEARIZANDRY;0;wallettobank;244000;149039016;149283016;46c5864f-bbbc-402d-9454-fd8c2a3721d6;WTB
10/09/2026 10:19:37;6952313510;Completed;0344751211;0385344178;C;Razanadraibe;0;wallettobank;2186000;164272916;166458916;a42cd079-7c2d-4022-a441-784902187fc3;WTB
10/09/2026 10:42:56;6954122812;Completed;0388325538;0385344178;C;ERINJAKA;0;wallettobank;30000;168644616;168674616;dd829c7d-2483-42f9-b65a-4edec95ecc81;WTB
10/09/2026 09:38:23;6949030024;Completed;0342281250;0385344178;C;RASOA;0;wallettobank;106000;150026216;150132216;f8f88ef9-9b98-4f6f-a80f-e549ecd1e016;WTB
10/09/2026 10:19:47;6952317450;Completed;0389677468;0385344178;C;Randrianantenaina;0;wallettobank;231000;166458916;166689916;c6714728-f702-458d-b520-423eeffd23f3;WTB
10/09/2026 09:53:46;6950274437;Completed;0341074610;0385344178;C;BARY;0;wallettobank;3000;153856216;153859216;851d3dfa-38d8-40e9-8816-405e56f0b189;WTB
10/09/2026 16:48:23;6977822555;Completed;0348909421;0385344178;C;Herimbola;0;wallettobank;150000;315508591;315658591;c05c3978-5a59-41f6-a193-d84bc77124ae;WTB
10/09/2026 09:39:14;6949110746;Completed;0343792287;0385344178;C;Randrianandrasana;0;wallettobank;80000;150132216;150212216;7163358d-ac07-4c84-86f3-d3cbff64b5eb;WTB
10/09/2026 09:54:22;6950299281;Completed;0346791828;0385344178;C;raharison;0;wallettobank;60000;153859216;153919216;2a084d5b-9557-4764-8963-9a604a5ce1b0;WTB
10/09/2026 09:54:45;6950337105;Completed;0382818554;0385344178;C;Randrinionja;0;wallettobank;111000;153919216;154030216;0d61d625-9c44-4b9a-9261-c916c0f5a6a6;WTB
10/09/2026 09:41:16;6949263888;Completed;0344673832;0385344178;C;randriambovonjyhanitrinirina;0;wallettobank;220000;150212216;150432216;5b3a6e4d-d91d-4b0e-a949-0e647c487e5a;WTB
10/09/2026 10:20:54;6952407194;Completed;0383829238;0385344178;C;RAKOTOMANGA;0;wallettobank;116500;166812916;166929416;34d8f115-ba25-42cf-b567-0131d0abd7a3;WTB
10/09/2026 10:20:54;6952409217;Completed;0348746020;0385344178;C;RASOANIVO;0;wallettobank;123000;166689916;166812916;9a4d162f-a624-4dda-a1f3-d4453d891e8a;WTB
10/09/2026 09:43:44;6949450174;Completed;0349072970;0385344178;C;RABENAHAJA;0;wallettobank;228000;150432216;150660216;e10efa06-6e84-4129-b7ba-e3e24b47d70c;WTB
10/09/2026 09:44:43;6949575214;Completed;0349036201;0385344178;C;ANDRIARIMALALA;0;wallettobank;1720000;150660216;152380216;cbbeebfa-a558-4ac1-86f6-7c088b1f6ebd;WTB
10/09/2026 09:44:53;6949555810;Completed;0344411641;0385344178;C;OLY VERO;0;wallettobank;33000;152380216;152413216;c41f13f3-2ead-462a-9b0f-7bf5fb584ec5;WTB
10/09/2026 09:45:28;6949593327;Completed;0344062117;0385344178;C;RAKOTOARISOA;0;wallettobank;6000;152413216;152419216;735bcc28-2473-4102-bde0-cf9c41ee556f;WTB
10/09/2026 10:21:38;6952485578;Completed;0380873824;0385344178;C;Razafimaro;0;wallettobank;250000;166929416;167179416;0b942921-0178-428a-b3d3-f46a0dae5c53;WTB
10/09/2026 09:57:19;6950539539;Completed;0386177031;0385344178;C;RAKOLETINIRINA;0;wallettobank;202000;154030216;154232216;1955793a-b56b-433c-89ae-64eaa622bfed;WTB
10/09/2026 09:47:17;6949745152;Completed;0386867928;0385344178;C;Randrianarimalala;0;wallettobank;145000;152419216;152564216;6a239125-d77a-4b94-a604-dc08b9f54100;WTB
10/09/2026 09:47:51;6949823222;Completed;0340378512;0385344178;C;baotraarmand;0;wallettobank;490000;152564216;153054216;f7a89305-d09d-4892-8b16-e859c9862faf;WTB
10/09/2026 09:48:51;6949883899;Completed;0342037190;0385344178;C;RAFARA;0;wallettobank;502000;153054216;153556216;e3faf925-3589-47ef-a029-7c69ffe65107;WTB
10/09/2026 11:26:44;6957360961;Completed;0380945263;0385344178;C;RAZAFIMANANTSOA;0;wallettobank;272400;177633555;177905955;4c32340f-a906-4559-add8-5b8fde2e6a4e;WTB
10/09/2026 10:44:33;6954227862;Completed;0382218712;0385344178;C;NAJORONJANAHARY;0;wallettobank;400000;168674616;169074616;8952dff4-79f1-403f-a979-94c77d9c6efb;WTB
10/09/2026 10:22:53;6952573588;Completed;0346441164;0385344178;C;Rajemison;0;wallettobank;390000;167179416;167569416;1c8a2eb2-cdc1-4970-8c5e-8a72308498d6;WTB
10/09/2026 10:44:39;6954228947;Completed;0348909421;0385344178;C;Herimbola;0;wallettobank;80000;169074616;169154616;75cf4cd4-732c-4cc9-8c50-b63aa6fb031d;WTB
10/09/2026 09:59:56;6950774082;Completed;0381394316;0385344178;C;RAMAROSON;0;wallettobank;337000;154232216;154569216;75e4d5d8-fb03-430c-889a-a51f5499647f;WTB
10/09/2026 12:12:05;6960483744;Completed;0383000917;0385344178;C;RANAHARISOA;0;wallettobank;164000;186961883;187125883;dacf92b5-c133-43aa-ac07-2ac7b0a1095c;WTB
10/09/2026 10:00:18;6950776783;Completed;0349690884;0385344178;C;RABESANDRATANA;0;wallettobank;3000;154569216;154572216;9a23fb83-b81d-4516-b046-0164117b073b;WTB
10/09/2026 10:44:57;6954261216;Completed;0382631353;0385344178;C;RAKOTOSEHENO;0;wallettobank;6000;169154616;169160616;4314b910-ef36-4310-99c8-bff2a8f1c277;WTB
10/09/2026 10:00:41;6950823000;Completed;0344911563;0385344178;C;Ramiandrisoanirina;0;wallettobank;331900;154572216;154904116;cb25dadb-7df4-405d-b599-422edbfda19b;WTB
10/09/2026 10:03:52;6951039696;Completed;0386231507;0385344178;C;VELOARISOA;0;wallettobank;4000;154904116;154908116;d584581f-ed6c-4693-838a-4d8bd46a7dc4;WTB
10/09/2026 10:04:50;6951162841;Completed;0341817590;0385344178;C;Rakotonandrasana;0;wallettobank;200000;154908116;155108116;606804cf-e994-4a61-934b-0749a7269c07;WTB
10/09/2026 10:07:09;6951334061;Completed;0348950651;0385344178;C;RAZAFINDRAZANDRY;0;wallettobank;910000;155108116;156018116;61fde6e3-e2f5-45aa-bb16-19f63d894371;WTB
10/09/2026 10:07:41;6951382526;Completed;0387877452;0385344178;C;RAZAFINDRABE;0;wallettobank;520100;156018116;156538216;753348b9-b637-413d-b4c1-ca883d4d5058;WTB
10/09/2026 10:07:47;6951375218;Completed;0382946849;0385344178;C;FANAIKY;0;wallettobank;223000;156538216;156761216;68e322e4-deda-436f-926f-d8e7eaf03bff;WTB
10/09/2026 10:08:04;6951383046;Completed;0341868555;0385344178;C;RASOANJANAHARY;0;wallettobank;113000;158591216;158704216;4555fb88-a0c5-40f6-9497-25e631fef626;WTB
10/09/2026 10:08:03;6951408571;Completed;0386532044;0385344178;C;IDIELARITOETRA;0;wallettobank;1830000;156761216;158591216;f0606066-72cb-46f9-bad1-69c0def691f3;WTB
10/09/2026 10:08:39;6951426771;Completed;0344911563;0385344178;C;Ramiandrisoanirina;0;wallettobank;17700;158704216;158721916;e183e328-27d3-4036-a806-b361b4a3e2de;WTB
10/09/2026 12:12:43;6960532951;Completed;0346791828;0385344178;C;raharison;0;wallettobank;50000;187125883;187175883;d3af6184-48b9-481c-a7b8-18bca2d7f523;WTB
10/09/2026 10:27:01;6952902972;Completed;0386229253;0385344178;C;RAKOTOARIVELO;0;wallettobank;63000;167569416;167632416;22a6b08a-80ef-4d14-8e2f-bc50d7489bdf;WTB
10/09/2026 10:47:33;6954461357;Completed;0349920448;0385344178;C;SAHOLINIRINAMAMISOANIAINA;0;wallettobank;65700;169160616;169226316;6532ca79-8e12-4b81-8f01-5106ecf1d2ac;WTB
10/09/2026 12:12:45;6960538714;Completed;0340419551;0385344178;C;RAZAFINJOHARY;0;wallettobank;28800;187175883;187204683;ff03aac9-59bf-43c8-a4d7-5a961961dbda;WTB
10/09/2026 12:12:46;6960536202;Completed;0341788650;0385344178;C;RANAIVOSON;0;wallettobank;5000;187204683;187209683;966cbedd-934f-4435-9214-4c9764919123;WTB
10/09/2026 12:12:47;6960528234;Completed;0345363019;0385344178;C;KADODONY;0;wallettobank;621100;187209683;187830783;abae4a92-0c86-4d75-8b83-f425b55bbf88;WTB
10/09/2026 10:10:35;6951569466;Completed;0340270700;0385344178;C;HAINGONIRINA;0;wallettobank;2800000;158721916;161521916;9f88e230-6b33-4cc1-adf3-f6e0ef2eeeb2;WTB
10/09/2026 10:11:53;6951705171;Completed;0341359260;0385344178;C;Seraphin;0;wallettobank;1300000;161521916;162821916;f5e2280a-5fd2-4e37-af2f-a0a9a40b3b55;WTB
10/09/2026 10:13:43;6951824367;Completed;0344847764;0385344178;C;RAMIANDRISOANIRINA STEPHANIE GABRIEL;0;wallettobank;230000;162821916;163051916;b9f48fef-bee1-446e-b6ce-9a423f07418a;WTB
10/09/2026 10:13:54;6951863965;Completed;0346706562;0385344178;C;rakotondrabe;0;wallettobank;305000;163051916;163356916;20aecab2-822e-4605-948a-21833cc8cf79;WTB
10/09/2026 12:13:00;6960539248;Completed;0387746549;0385344178;C;Raheriniaina;0;wallettobank;4000000;187830783;191830783;043de4ca-3913-47c8-91d1-c8ad68815970;WTB
10/09/2026 10:14:39;6951901570;Completed;0343853400;0385344178;C;rakotoarinaivo;0;wallettobank;32000;163910516;163942516;b2a203a1-8e38-4eae-ada4-f382c53506cd;WTB
10/09/2026 10:14:23;6951898125;Completed;0347575156;0385344178;C;LYCE;0;wallettobank;509400;163356916;163866316;abe41a6e-6816-4890-abe7-2ac6adc277b5;WTB
10/09/2026 10:14:24;6951895157;Completed;0387182568;0385344178;C;MANAMPINIRINA;0;wallettobank;44200;163866316;163910516;1f441421-d488-46a5-8e8b-e944ba87a4a9;WTB
10/09/2026 16:48:07;6977814812;Completed;0343190681;0385344178;C;RAHAVOSON;0;wallettobank;500000;312408591;312908591;f06fff9d-0693-45d8-8ef3-11317991644b;WTB
10/09/2026 11:28:58;6957510083;Completed;0386249926;0385344178;C;RAVAONIRINA;0;wallettobank;340000;177905955;178245955;2b91d86e-da4e-413c-8fe6-513c9d986c17;WTB
10/09/2026 10:30:02;6953094489;Completed;0341300328;0385344178;C;randriadamady;0;wallettobank;668000;167632416;168300416;db4ef263-4cf0-4795-a968-7b87d63525cc;WTB
10/09/2026 10:49:10;6954576449;Completed;0340419551;0385344178;C;RAZAFINJOHARY;0;wallettobank;370000;169226316;169596316;733d6762-0f7b-491e-bc7a-bf5db395c5b1;WTB
10/09/2026 10:31:10;6953207108;Completed;0347502633;0385344178;C;RAHOLIMANDIMBY;0;wallettobank;600000;168300416;168900416;dcc6fc1f-e0f1-442c-bb2a-bfdb57a18db7;WTB
10/09/2026 12:13:22;6960589468;Completed;0341651465;0385344178;C;Rakotonirina;0;wallettobank;207000;191830783;192037783;65f39723-9b56-47e9-9400-9adc8f4f8254;WTB
10/09/2026 12:13:24;6960609110;Completed;0360847938;0385344178;C;RANDRIAMAMPIONONINA;0;wallettobank;126500;192037783;192164283;1ed55d68-a178-485a-8e84-d13b86c3810c;WTB
10/09/2026 10:33:17;6953360722;Completed;0345561307;0385344178;C;fiavisoa;0;wallettobank;85800;169055916;169141716;b3fc285e-aa4b-4623-a265-dd102fcd07f6;WTB
10/09/2026 10:32:56;6953318519;Completed;0341535986;0385344178;C;Razafindrafara;0;wallettobank;155500;168900416;169055916;c62c2d58-bc84-4c91-84d3-a66e2a67e1a5;WTB
10/09/2026 10:34:35;6953463672;Completed;0340369111;0385344178;C;Ramarolahy;0;wallettobank;180000;169141716;169321716;b23c5842-16c5-4f9f-97a3-2657a9830452;WTB
10/09/2026 11:30:41;6957611389;Completed;0343482503;0385344178;C;ZAFITININA;0;wallettobank;103600;178245955;178349555;74bd9cac-2897-4b07-a2d3-fed4855ea4d3;WTB
10/09/2026 10:36:31;6953631442;Completed;0341323521;0385344178;C;HAMIDAH;0;wallettobank;902900;169321716;170224616;a1a8b92d-f941-44c8-8688-8e7e49a148b6;WTB
10/09/2026 10:52:19;6954805603;Completed;0382906710;0385344178;C;SOAMANANA;0;wallettobank;202000;169596316;169798316;09fa1ba7-a0cd-4836-acff-9afb64090847;WTB
10/09/2026 14:55:55;6970366952;Completed;0340607676;0385344178;C;rahalison;0;wallettobank;400000;234314764;234714764;c8e6b545-44ff-491a-bd4a-ad418bfa41bf;WTB
10/09/2026 11:33:41;6957824576;Completed;0340136601;0385344178;C;RAHARINARIVO;0;wallettobank;600000;178349555;178949555;9d9511e2-10af-426f-bc16-3a06b48d4973;WTB
10/09/2026 12:15:17;6960707867;Completed;0340139610;0385344178;C;razanajerison;0;wallettobank;1000000;192164283;193164283;a841d6e0-200c-432e-b2a7-168bd412c805;WTB
10/09/2026 10:54:15;6954949146;Completed;0346706562;0385344178;C;rakotondrabe;0;wallettobank;12000;169798316;169810316;5025adf6-b268-4598-a094-3f70e9c4aedd;WTB
10/09/2026 12:15:46;6960745105;Completed;0384548948;0385344178;C;RABEARISON;0;wallettobank;206000;193164283;193370283;23664ff8-86e7-40a6-9955-9cd6cc51e5f3;WTB
10/09/2026 14:56:23;6970435230;Completed;0345060602;0385344178;C;Razanatoandro;0;wallettobank;30000;234714764;234744764;46c3f7ed-2007-488e-a9e5-0a17810609f4;WTB
10/09/2026 12:16:11;6960791041;Completed;0385776893;0385344178;C;ANDRIANAVALOSON;0;wallettobank;897800;193370283;194268083;e1e3026f-602e-44cf-843b-d266c5de1f98;WTB
10/09/2026 10:57:33;6955199360;Completed;0341551664;0385344178;C;Rasoamananoro;0;wallettobank;60000;169810316;169870316;e4434766-ceef-4172-9c65-c37cc8b1f4da;WTB
10/09/2026 10:59:19;6955351885;Completed;0349316308;0385344178;C;ramahefarison;0;wallettobank;59000;169870316;169929316;d198771f-881e-4d29-a737-d9fec16f018e;WTB
10/09/2026 10:59:44;6955374702;Completed;0343304089;0385344178;C;RASOLOMONA;0;wallettobank;205200;169929316;170134516;9efdca1d-965d-42a4-933d-df2163c8eefc;WTB
10/09/2026 10:59:55;6955405804;Completed;0340994686;0385344178;C;radison;0;wallettobank;140000;170134516;170274516;f9aed8f4-6d6e-4ff8-b7d2-310f88ad099a;WTB
10/09/2026 11:37:24;6958099117;Completed;0387925027;0385344178;C;ROSE;0;wallettobank;1130000;178949555;180079555;14497de6-845b-4c68-bf97-82159969a229;WTB
10/09/2026 11:01:27;6955503628;Completed;0340705857;0385344178;C;RASOARIMANANA;0;wallettobank;64900;170274516;170339416;f0f4f8ab-606e-4587-b9c0-93d9aab8a11f;WTB
10/09/2026 14:56:34;6970444559;Completed;0382781148;0385344178;C;Ramiarisoa;0;wallettobank;310000;234744764;235054764;52b2c71d-f88a-4aac-830d-28ddba1749c3;WTB
10/09/2026 11:03:41;6955693124;Completed;0343930873;0385344178;C;LEONE;0;wallettobank;878939;170339416;171218355;cde90849-ceee-47cd-936e-1ace04967b15;WTB
10/09/2026 11:03:44;6955651898;Completed;0389658036;0385344178;C;ANDRIAMANOHISOA MAMINANDRIANINA SEDRA FINOANA;0;wallettobank;200000;171218355;171418355;8ba84ec8-6b90-4957-b668-bde53878b540;WTB
10/09/2026 11:03:59;6955696015;Completed;0383829238;0385344178;C;RAKOTOMANGA;0;wallettobank;256500;171418355;171674855;353f5245-23c6-41fb-878e-1cafa7e7d70a;WTB
10/09/2026 14:56:40;6970448653;Completed;0380246877;0385344178;C;RANDRIANTAHINA;0;wallettobank;1200000;235054764;236254764;09e94546-62c3-4770-8fa2-d331a98f37bd;WTB
10/09/2026 11:39:39;6958270251;Completed;0349240647;0385344178;C;RABEMANANJARA;0;wallettobank;485200;180079555;180564755;726165cb-f4a2-4286-bfb8-f9c5e603dd63;WTB
10/09/2026 11:06:19;6955885300;Completed;0348036568;0385344178;C;volanimanana;0;wallettobank;110000;171674855;171784855;816d642d-3a8d-461b-a57f-1439ad1465ee;WTB
10/09/2026 11:06:49;6955923237;Completed;0384616698;0385344178;C;KANTONIAINA;0;wallettobank;56000;171784855;171840855;fda72c01-c049-4cba-8626-9d37411d42c9;WTB
10/09/2026 11:07:31;6955934744;Completed;0387541023;0385344178;C;RAZAFINIRIANA;0;wallettobank;154100;171840855;171994955;4f926493-1ba0-4ad2-837b-f7540441ab5a;WTB
10/09/2026 11:07:57;6956007191;Completed;0347587994;0385344178;C;Razanadrasoa;0;wallettobank;300000;171994955;172294955;ba564f73-1667-4cce-9f55-493ced145933;WTB
10/09/2026 11:08:54;6956052275;Completed;0343986435;0385344178;C;RAZAKAMANOHY;0;wallettobank;600000;172294955;172894955;69034600-ae9c-4262-a728-5d12de0eef56;WTB
10/09/2026 11:09:30;6956103077;Completed;0383829238;0385344178;C;RAKOTOMANGA;0;wallettobank;50000;172894955;172944955;d8fbc346-c7ff-4236-a05a-d5bd11795a95;WTB
10/09/2026 11:09:38;6956094722;Completed;0348045131;0385344178;C;Rasamison;0;wallettobank;2050000;172944955;174994955;e59d3c5f-00cc-423e-a566-e07988898aa8;WTB
10/09/2026 11:09:58;6956124447;Completed;0342886203;0385344178;C;RANDRIAKOTO SOLONIRINA;0;wallettobank;780000;174994955;175774955;247ab1a5-2662-455f-97c0-ec9505f3462b;WTB
10/09/2026 11:11:20;6956243168;Completed;0346550382;0385344178;C;FATRATRAMAMONJIHERITIANA;0;wallettobank;144800;175774955;175919755;e0c7f87c-de27-439c-a361-7385dcaf356d;WTB
10/09/2026 11:12:26;6956328207;Completed;0389658036;0385344178;C;ANDRIAMANOHISOA MAMINANDRIANINA SEDRA FINOANA;0;wallettobank;13000;175919755;175932755;c8e32d97-126a-4b2a-887e-ca92be366cc4;WTB
10/09/2026 11:13:26;6956370109;Completed;0382084368;0385344178;C;Tafita;0;wallettobank;400000;175932755;176332755;8be184d1-741d-43ef-b284-42dc42060edc;WTB
10/09/2026 12:20:23;6961056209;Completed;0340694711;0385344178;C;norotiana;0;wallettobank;1110000;194268083;195378083;7d48ed40-2d16-465f-9452-7b8fc25f48f0;WTB
10/09/2026 11:15:00;6956497104;Completed;0346485189;0385344178;C;RAZAFINDRAFARA;0;wallettobank;267000;176332755;176599755;90f78607-6c76-4809-8ac6-256322a258f1;WTB
10/09/2026 11:18:32;6956768899;Completed;0346550382;0385344178;C;FATRATRAMAMONJIHERITIANA;0;wallettobank;144800;176899755;177044555;8a55801c-cf22-4b1d-8575-a3af6d67ec22;WTB
10/09/2026 11:17:44;6956706245;Completed;0383006607;0385344178;C;RAMBOLAZARA;0;wallettobank;300000;176599755;176899755;ac232ea6-afc3-4bc6-81d2-c9fc1d54f3a5;WTB
10/09/2026 12:21:25;6961116041;Completed;0341186766;0385344178;C;OLIVIA;0;wallettobank;416000;195378083;195794083;a603f591-d19a-40e4-8ebf-be91539616cb;WTB
10/09/2026 11:18:34;6956781152;Completed;0381208742;0385344178;C;RATOVONIAINA;0;wallettobank;200000;177044555;177244555;6bcd313f-abd5-4714-8c93-2a559c8bd0e6;WTB
10/09/2026 11:19:30;6956800701;Completed;0349812876;0385344178;C;Razafindratsimba;0;wallettobank;134000;177244555;177378555;70360fb2-00a5-49dd-abc6-7478efb09f5c;WTB
10/09/2026 11:19:53;6956860935;Completed;0389569946;0385344178;C;RAFALIMANDIMBISOA;0;wallettobank;255000;177378555;177633555;ff436607-c4e1-41e8-ae2a-97c4da066ef1;WTB
10/09/2026 11:46:37;6958764869;Completed;0347208370;0385344178;C;FANANTENANA;0;wallettobank;141700;180564755;180706455;8cb08c4b-cbb1-499a-9b1f-98b17d3859ac;WTB
10/09/2026 14:57:49;6970498507;Completed;0360545900;0385344178;C;RAKOTONDRAMANANA;0;wallettobank;200000;236254764;236454764;de738d4e-2615-4bb7-95b8-b3242e0c8599;WTB
10/09/2026 12:22:32;6961174452;Completed;0383302854;0385344178;C;HAJARISOA;0;wallettobank;150000;195794083;195944083;dcf6bcb0-1ae7-4c12-89d9-4a976a566ca7;WTB
10/09/2026 12:22:43;6961195090;Completed;0348237124;0385344178;C;HUBERT GHISLAIN;0;wallettobank;412900;195944083;196356983;af5b88ac-b32c-4db3-b297-8f538e6e414b;WTB
10/09/2026 11:48:42;6958899090;Completed;0346819597;0385344178;C;FIDIARIVOLA MBOLAMANANA;0;wallettobank;291000;180706455;180997455;33fc2df4-0dad-4fef-8270-bd7c81705e95;WTB
10/09/2026 17:58:51;6982838196;Completed;0382894054;0385344178;C;RASOANIRINA;0;wallettobank;1000000;345255216;346255216;f6cbdf9d-4261-4f35-9520-4e0d086af901;WTB
10/09/2026 11:50:25;6959040507;Completed;0347932444;0385344178;C;RAMANANTSOA;0;wallettobank;1950000;180997455;182947455;040e4f0a-7d6a-4e0d-9091-5551c193b786;WTB
10/09/2026 11:51:39;6959098249;Completed;0347238048;0385344178;C;razafinjohary;0;wallettobank;685000;182947455;183632455;d714e4db-b082-4a9c-8fa0-e0f841d4b39f;WTB
10/09/2026 11:52:02;6959110133;Completed;0346424707;0385344178;C;FANJANIRINA;0;wallettobank;200000;183632455;183832455;3bbf7dd6-9d52-4a56-a2cc-b965bc1f2b51;WTB
10/09/2026 13:15:37;6964457450;Completed;0342986561;0385344178;C;BADOURALY;0;wallettobank;972500;206820183;207792683;bd332372-4fdd-424f-aed0-0f01f86e55c5;WTB
10/09/2026 13:16:09;6964469015;Completed;0343615703;0385344178;C;raharihomenantsoa;0;wallettobank;1207000;207792683;208999683;b364d577-3c42-4400-a64d-5967b7293660;WTB
10/09/2026 14:58:56;6970588858;Completed;0346166722;0385344178;C;Randriamihaja;0;wallettobank;100000;236454764;236554764;70dd74c0-1bdc-4304-89db-973f8d977571;WTB
10/09/2026 16:50:26;6977979675;Completed;0349233541;0385344178;C;Sampizafy;0;wallettobank;403000;315658591;316061591;f8b6520c-c9c5-4194-986d-dfdb58339caa;WTB
10/09/2026 11:56:07;6959432512;Completed;0342422937;0385344178;C;Rafaralahy;0;wallettobank;780000;183832455;184612455;19f437bf-1bf2-4c23-8d09-ef5608a87c74;WTB
10/09/2026 11:56:26;6959407464;Completed;0345811489;0385344178;C;Vololonirina;0;wallettobank;295000;184612455;184907455;f985b0b5-60af-427c-b7db-a9f0d026eb0c;WTB
10/09/2026 11:57:06;6959495625;Completed;0384219611;0385344178;C;MANANTENASOA;0;wallettobank;160000;184907455;185067455;6200f1ff-3272-46ae-b0e8-927443bdf2b7;WTB
10/09/2026 11:58:05;6959566216;Completed;0340803882;0385344178;C;razafindralaza;0;wallettobank;460428;185067455;185527883;80776752-aadc-4769-ada0-5a04c6618299;WTB
10/09/2026 14:59:57;6970641211;Completed;0387682926;0385344178;C;RASOLOFONIAINA;0;wallettobank;258000;236554764;236812764;ac5c3587-6933-49ef-a0b7-d052da73b94a;WTB
10/09/2026 13:19:05;6964677017;Completed;0382727019;0385344178;C;HERISOA RADO;0;wallettobank;510000;208999683;209509683;5ce5b06f-0af7-47b7-891c-93bfcd33b2a1;WTB
10/09/2026 13:19:07;6964649257;Completed;0385459273;0385344178;C;Andrianarivony;0;wallettobank;275000;209509683;209784683;0c079e6d-15a3-4054-9e2a-75f556aa03b7;WTB
10/09/2026 15:00:10;6970651562;Completed;0381295349;0385344178;C;ANDRIANIRINA;0;wallettobank;100000;236812764;236912764;dfd7ce15-e86f-43d7-815c-81fbeccb116c;WTB
10/09/2026 13:19:33;6964664704;Completed;0346746439;0385344178;C;RAZAFIHARISOA;0;wallettobank;192000;209784683;209976683;e2960d43-3a54-4041-bacc-c20938e2935b;WTB
10/09/2026 16:51:07;6978021864;Completed;0384054809;0385344178;C;HAJARAMAMPIONONA;0;wallettobank;5000;316061591;316066591;744c219c-a8b5-4446-be11-50c9745e78fc;WTB
10/09/2026 13:20:47;6964780292;Completed;0382222141;0385344178;C;RAFARAVOLOLONA;0;wallettobank;720000;209976683;210696683;7dd6efb7-b590-4cdb-a2c3-36ecfbc8dc2c;WTB
10/09/2026 12:02:55;6959872157;Completed;0384756860;0385344178;C;RANDRIANAMBININA;0;wallettobank;517500;185527883;186045383;eb3c93a1-bedf-401a-b453-40a7e26750bb;WTB
10/09/2026 13:21:59;6964797445;Completed;0382319932;0385344178;C;FATRATRAMAMONJIHERITIANA;0;wallettobank;106000;210696683;210802683;ef252708-0538-4b08-bffa-32ec6d7d3353;WTB
10/09/2026 16:51:29;6978015761;Completed;0385319549;0385344178;C;RAVOAVY;0;wallettobank;130000;316066591;316196591;1f906f5f-0f95-4798-a99a-56d400656dd7;WTB
10/09/2026 13:22:44;6964859085;Completed;0345831955;0385344178;C;Rasoloniaina;0;wallettobank;200000;210802683;211002683;89ad1bb9-64eb-4177-9f09-49ecde9e2770;WTB
10/09/2026 13:43:55;6966102656;Completed;0385950025;0385344178;C;RAVONIERIMALALA;0;wallettobank;60000;215392826;215452826;bb3ecab8-d0ae-43e3-b025-ba968337c316;WTB
10/09/2026 12:06:03;6960089148;Completed;0381021192;0385344178;C;MAEVASOA;0;wallettobank;148500;186045383;186193883;7a69bb4f-2fe1-42be-9f1b-845fdd3f4341;WTB
10/09/2026 12:06:10;6960125222;Completed;0347164556;0385344178;C;Tsianina;0;wallettobank;643000;186193883;186836883;894da227-077e-44b4-a645-49e90b71828d;WTB
10/09/2026 16:51:42;6978077622;Completed;0384110608;0385344178;C;BELALAHY;0;wallettobank;733000;316196591;316929591;984f3252-ffea-4759-92c3-89528c0f8df1;WTB
10/09/2026 14:22:03;6968289085;Completed;0349453059;0385344178;C;FRANCISCO;0;wallettobank;1000000;228461526;229461526;03e52bc2-afbe-4d4a-88c7-35f8290e93fd;WTB
10/09/2026 13:24:35;6964970216;Completed;0385423433;0385344178;C;ANDRIANARIVONY;0;wallettobank;460000;211002683;211462683;f381094b-30fc-40c8-96b3-2f3c2f429035;WTB
10/09/2026 12:07:39;6960218806;Completed;0346241522;0385344178;C;Rakotomavo;0;wallettobank;125000;186836883;186961883;98e3cebd-b6ec-4904-8863-16b5372b5db4;WTB
10/09/2026 15:02:41;6970830411;Completed;0344328168;0385344178;C;Raivoniaina;0;wallettobank;120100;236912764;237032864;84e47098-c692-49c4-9ab8-9b454f23b554;WTB
10/09/2026 15:02:49;6970789637;Completed;0349810460;0385344178;C;elizbanou;0;wallettobank;1635500;237032864;238668364;dcd62f33-b2ae-4009-86d7-9b1b26f09f38;WTB
10/09/2026 15:03:24;6970849939;Completed;0341390069;0385344178;C;raharivelo;0;wallettobank;100000;238668364;238768364;d345f3a5-a604-4434-8da1-7da17983cb0c;WTB
10/09/2026 12:27:36;6961549618;Completed;0382966652;0385344178;C;HOBISOA;0;wallettobank;200000;196356983;196556983;ca98bd6a-7871-4ab2-95ec-bc10ba11a50a;WTB
10/09/2026 12:28:19;6961588280;Completed;0346985696;0385344178;C;Randriamampionona;0;wallettobank;1040000;196556983;197596983;508fadd5-9b58-4943-8b61-6b6a12e4b6b8;WTB
10/09/2026 13:27:46;6965145126;Completed;0385380534;0385344178;C;RATSIMBA;0;wallettobank;99240;211462683;211561923;07e7f568-9156-4844-b477-677211a14c32;WTB
10/09/2026 12:30:12;6961681334;Completed;0344583525;0385344178;C;LAINGONIRINA;0;wallettobank;137100;197596983;197734083;368aecf1-202b-48f2-94d4-f2680f7828fd;WTB
10/09/2026 13:28:22;6965215448;Completed;0386617544;0385344178;C;Razafindramavo;0;wallettobank;525000;211561923;212086923;725d8bfd-1e26-460c-a906-7242b1d25f2a;WTB
10/09/2026 15:03:52;6970891961;Completed;0345744800;0385344178;C;LALANDY;0;wallettobank;200000;238768364;238968364;6378df03-4a7c-49f6-bf0e-3e1439dcba5e;WTB
10/09/2026 13:28:34;6965210075;Completed;0349150311;0385344178;C;Ravaoarivelo;0;wallettobank;420000;212086923;212506923;d363af9a-3456-4c28-81d1-21ffc2d6ea8c;WTB
10/09/2026 13:28:48;6965213429;Completed;0344513676;0385344178;C;RATSIMIVONY;0;wallettobank;310000;212506923;212816923;041abcf5-1b01-4d47-af0b-d6d8746a4730;WTB
10/09/2026 12:30:51;6961713782;Completed;0345143350;0385344178;C;RAKOTONIAINA;0;wallettobank;1000;197734083;197735083;45042aa0-cf8d-4ca1-b980-fea851cffeb5;WTB
10/09/2026 13:29:02;6965220857;Completed;0385380534;0385344178;C;RATSIMBA;0;wallettobank;3000;212816923;212819923;f21e7d93-6bb9-48a1-866d-2ac63b487dff;WTB
10/09/2026 15:04:16;6970895159;Completed;0387467031;0385344178;C;Nirina;0;wallettobank;392800;238968364;239361164;835af519-9a4f-4b77-82f3-63454301e777;WTB
10/09/2026 12:31:56;6961778224;Completed;0341467305;0385344178;C;RAUMUALD;0;wallettobank;236000;197735083;197971083;ed49f032-1b22-4fcc-af16-b6c6a041af8e;WTB
10/09/2026 15:04:44;6970917025;Completed;0344790017;0385344178;C;LOVANOMENJANAHARY;0;wallettobank;78000;239361164;239439164;25ec6ef1-afe0-4929-98bb-2bdd64c3fef9;WTB
10/09/2026 16:06:15;6974907765;Completed;0386635973;0385344178;C;RAKOTOMANGA;0;wallettobank;260000;286765369;287025369;2f170e24-2d9b-4b13-a760-6069bb63372f;WTB
10/09/2026 16:52:59;6978113036;Completed;0346924171;0385344178;C;BEVITA;0;wallettobank;1782600;316929591;318712191;824de12f-1fa4-45e3-a13d-f3fb718a206a;WTB
10/09/2026 12:35:46;6962050593;Completed;0341788650;0385344178;C;RANAIVOSON;0;wallettobank;70000;197971083;198041083;b6eaec64-fed6-4061-8889-a0874c243bbc;WTB
10/09/2026 12:35:56;6962063184;Completed;0347238048;0385344178;C;razafinjohary;0;wallettobank;600700;198041083;198641783;b228a201-ba13-4c61-8626-7c12249ab2e5;WTB
10/09/2026 13:31:49;6965396509;Completed;0389667022;0385344178;C;ZAFITIANA;0;wallettobank;290503;212819923;213110426;d8e4d4dc-2724-47b6-b527-8d847ddf6f46;WTB
10/09/2026 13:31:54;6965395309;Completed;0348477794;0385344178;C;ELISA BACARD;0;wallettobank;396000;213110426;213506426;1953c285-a911-4c52-ab52-ed21729a5400;WTB
10/09/2026 12:37:10;6962119406;Completed;0346685815;0385344178;C;NJAKAMARO;0;wallettobank;2620000;198641783;201261783;6ab691e7-1408-4f4d-9b54-3abd5930d600;WTB
10/09/2026 15:05:35;6970974062;Completed;0346518366;0385344178;C;RAMIANDRISOA;0;wallettobank;500000;239439164;239939164;422dca49-1be7-4ff3-a8da-726ecd666519;WTB
10/09/2026 12:37:47;6962173221;Completed;0344159419;0385344178;C;rakotonirina;0;wallettobank;465000;201261783;201726783;7a968e7a-3bba-4ae3-a975-50906e0f3a4a;WTB
10/09/2026 13:35:04;6965574564;Completed;0343551525;0385344178;C;RAHERISENDRANTANTSOA;0;wallettobank;286000;214623226;214909226;7434e442-ce75-4aa1-b62f-56fac2004186;WTB
10/09/2026 16:53:24;6978186272;Completed;0344555598;0385344178;C;Alexis;0;wallettobank;50000;318712191;318762191;20689371-10a6-4be4-80f1-33466db74aec;WTB
10/09/2026 15:06:07;6971032959;Completed;0380574151;0385344178;C;LUCIEN;0;wallettobank;918500;239939164;240857664;2806043e-7672-4b0d-80e9-b86dbc467fc7;WTB
10/09/2026 13:34:32;6965538627;Completed;0342681121;0385344178;C;RAMAROSON;0;wallettobank;1116800;213506426;214623226;977e97bd-f012-41c7-a204-2ad98a56f6b8;WTB
10/09/2026 12:43:19;6962553117;Completed;0341960200;0385344178;C;RAZAFINDRABE;0;wallettobank;593000;201726783;202319783;9a25443f-56b0-4c69-a7ab-e2f990f5793f;WTB
10/09/2026 13:36:42;6965687990;Completed;0343551525;0385344178;C;RAHERISENDRANTANTSOA;0;wallettobank;4000;214909226;214913226;a051f710-a4f8-4fe2-ae50-882039cf655b;WTB
10/09/2026 12:46:35;6962730318;Completed;0346887207;0385344178;C;RASOA;0;wallettobank;200000;202319783;202519783;8566db1b-fb0f-474c-839d-00bcd980a831;WTB
10/09/2026 12:46:54;6962756764;Completed;0382987753;0385344178;C;BENJAMIN JEAN MOISE;0;wallettobank;500000;202519783;203019783;befe69f3-2f24-4b0d-a491-55aeb1b259db;WTB
10/09/2026 15:07:50;6971134150;Completed;0349522664;0385344178;C;RIVOALOSON;0;wallettobank;182000;240857664;241039664;4f7fd1d8-2f0d-40d1-ab58-d09d07d75fae;WTB
10/09/2026 15:07:53;6971142742;Completed;0340419551;0385344178;C;RAZAFINJOHARY;0;wallettobank;50000;241039664;241089664;e63e6a96-6bca-4fb4-9ca2-deb57179958d;WTB
10/09/2026 12:49:11;6962906037;Completed;0346390004;0385344178;C;RANDRIARIMANGA;0;wallettobank;2720200;203019783;205739983;2950405e-17f3-4799-8032-fc4a78e602c5;WTB
10/09/2026 15:08:03;6971126747;Completed;0344411641;0385344178;C;OLY VERO;0;wallettobank;33000;241089664;241122664;70d22e3c-3543-4e32-855d-e816f9291aae;WTB
10/09/2026 12:50:38;6962976987;Completed;0340139610;0385344178;C;razanajerison;0;wallettobank;50000;205739983;205789983;c2138bc8-a5b9-424c-988d-43ab40004711;WTB
10/09/2026 12:51:10;6963033857;Completed;0346542313;0385344178;C;RAZANAMIADANA;0;wallettobank;18000;205789983;205807983;58b9848b-58b9-48e6-b29c-c663b4129846;WTB
10/09/2026 12:53:43;6963172719;Completed;0383340879;0385344178;C;RAKOTONJANAHARY;0;wallettobank;260000;205807983;206067983;23cee011-dbe1-4cf3-8f37-59306b8c5bd3;WTB
10/09/2026 15:08:48;6971181957;Completed;0380888615;0385344178;C;RANDRIANARISOA;0;wallettobank;148300;241122664;241270964;687bafd5-281f-4c2b-b634-2d7eb5219bb2;WTB
10/09/2026 12:55:10;6963261045;Completed;0347127777;0385344178;C;RAMAROLAHY;0;wallettobank;100000;206067983;206167983;52224f0d-f620-4b13-82b9-438bd2704bc8;WTB
10/09/2026 12:55:16;6963295771;Completed;0349614435;0385344178;C;razafimaharoa;0;wallettobank;150000;206167983;206317983;35758558-d139-457b-acca-50a9f7926e00;WTB
10/09/2026 12:55:21;6963299979;Completed;0340428602;0385344178;C;lantomandimby;0;wallettobank;40000;206317983;206357983;8e7fb9de-5896-4786-9978-99abaacdb9a0;WTB
10/09/2026 12:55:34;6963276572;Completed;0383340879;0385344178;C;RAKOTONJANAHARY;0;wallettobank;20000;206357983;206377983;ea439460-3dc5-47c9-b774-3948ba940378;WTB
10/09/2026 15:09:26;6971220944;Completed;0348388217;0385344178;C;RAMAMONJISOA;0;wallettobank;500000;241270964;241770964;4f9cad09-e567-432e-9ada-c775aa309d8e;WTB
10/09/2026 16:54:54;6978272988;Completed;0341673877;0385344178;C;Berthin;0;wallettobank;385000;318762191;319147191;f03b46b0-7afd-47b0-8e00-c55e5710b09a;WTB
10/09/2026 18:27:49;6984801501;Completed;0340137016;0385344178;C;Filotilide Esmiry;0;wallettobank;490000;354861816;355351816;02497a14-64d7-4011-8b6f-ce15eb98a59f;WTB
10/09/2026 15:10:09;6971277894;Completed;0349622091;0385344178;C;NanieHarisata;0;wallettobank;1204700;241770964;242975664;0ed2fdc2-b14e-4214-8fc6-8bc3b26161d1;WTB
10/09/2026 15:10:14;6971301218;Completed;0344411641;0385344178;C;OLY VERO;0;wallettobank;64800;242975664;243040464;8886d2f3-b62f-4a9a-8465-e1784300fde8;WTB
10/09/2026 12:59:06;6963482865;Completed;0343559129;0385344178;C;ANAMIKA;0;wallettobank;189200;206377983;206567183;98b14e29-6932-4eee-ad2f-c2ec34ff9c74;WTB
10/09/2026 15:10:30;6971283688;Completed;0381117599;0385344178;C;RASOLOMANANA;0;wallettobank;456600;243040464;243497064;307afc98-6fe7-408d-aac5-aea2d99c3d4f;WTB
10/09/2026 15:11:06;6971318656;Completed;0346518366;0385344178;C;RAMIANDRISOA;0;wallettobank;529805;243497064;244026869;0e3ce4b4-83ff-4627-bf23-97bb28e92d8e;WTB
10/09/2026 15:12:20;6971428055;Completed;0340510659;0385344178;C;Ramaroson;0;wallettobank;675000;244026869;244701869;ed3e7151-e240-494d-b5e5-4f15155a7953;WTB
10/09/2026 15:12:28;6971426503;Completed;0386075945;0385344178;C;RANDRIANARIVONY;0;wallettobank;575000;244701869;245276869;dc8c1093-6f89-4630-a534-2403b588d67b;WTB
10/09/2026 18:00:38;6982958673;Completed;0341260492;0385344178;C;ranesa;0;wallettobank;100000;346255216;346355216;20d781d2-9d5a-43af-8f75-1fae732d5fc8;WTB
10/09/2026 15:13:35;6971476531;Completed;0388685300;0385344178;C;RAHARINJAKA;0;wallettobank;400000;245276869;245676869;a0a3fa17-59f2-4e1d-a85f-6d7f74a6efff;WTB
10/09/2026 15:14:11;6971519409;Completed;0384798232;0385344178;C;RANARINANTENAINA;0;wallettobank;1000000;245676869;246676869;7ca7410e-36c8-44b4-b279-d4aa3dbef914;WTB
10/09/2026 13:05:35;6963904274;Completed;0384048926;0385344178;C;SONADINA;0;wallettobank;36000;206784183;206820183;0da461ef-0422-4318-855e-ab3ba9c2520a;WTB
10/09/2026 13:05:28;6963865770;Completed;0345771780;0385344178;C;Andriamanantenasoa;0;wallettobank;217000;206567183;206784183;0f5e8533-2e04-4238-972a-4acccd3dc103;WTB
10/09/2026 16:56:39;6978401154;Completed;0389868463;0385344178;C;RIVONIAINA;0;wallettobank;310000;319147191;319457191;ce38f541-ea58-4bdc-bb7d-9d629d8ebc52;WTB
10/09/2026 15:14:42;6971563821;Completed;0385273461;0385344178;C;Razafindranoro;0;wallettobank;270000;246676869;246946869;329d311c-4f34-439d-a138-e694c4be4c70;WTB
10/09/2026 18:28:23;6984820629;Completed;0382081939;0385344178;C;ANGELINA;0;wallettobank;1036000;355351816;356387816;342a0da1-890e-4af1-808a-047de2b13f35;WTB
10/09/2026 13:42:58;6966053065;Completed;0389457897;0385344178;C;Razafindraveloarisoa;0;wallettobank;3000;214913226;214916226;8066a2eb-b789-494a-b504-9c78c09449bb;WTB
10/09/2026 13:43:20;6966034270;Completed;0386537976;0385344178;C;SOAVINDRAZANA;0;wallettobank;50600;214916226;214966826;e5f3d5a2-d6fa-4756-a705-7d3a8ca6d60f;WTB
10/09/2026 13:43:39;6966065847;Completed;0388349042;0385344178;C;RASEHENOARIMALALA;0;wallettobank;426000;214966826;215392826;51421ac8-6c0a-4139-b997-64cdced209be;WTB
10/09/2026 13:44:02;6966091180;Completed;0385608947;0385344178;C;LEVOHIZY JULIO;0;wallettobank;264000;215452826;215716826;d43235d5-35e5-4207-bcf9-2ffafb8aecf5;WTB
10/09/2026 13:44:56;6966159966;Completed;0343655753;0385344178;C;ranirina;0;wallettobank;638900;215716826;216355726;cf9c4ec3-4443-4c67-b9d9-a8925c654a4d;WTB
10/09/2026 13:45:39;6966179549;Completed;0342708510;0385344178;C;RANDRIAMIFIDY;0;wallettobank;38000;216355726;216393726;9bf3b4e0-715a-49ff-abf3-40aea7c6134a;WTB
10/09/2026 16:57:32;6978474434;Completed;0346619909;0385344178;C;RATSIMBAZAFY;0;wallettobank;760000;319457191;320217191;f6b5ddc3-bc64-4644-bf20-10763d600d72;WTB
10/09/2026 13:46:38;6966245624;Completed;0344249789;0385344178;C;RAKOTOARISON;0;wallettobank;1490300;216393726;217884026;375a09ce-9b82-433b-90c8-1a3056181caa;WTB
10/09/2026 13:47:33;6966309801;Completed;0387691636;0385344178;C;RADOMAHARIMALALA;0;wallettobank;653000;217884026;218537026;53bf58b8-6aa0-4394-8563-94802485b04f;WTB
10/09/2026 13:47:48;6966287551;Completed;0387519897;0385344178;C;RAZAFINDRAKOTO;0;wallettobank;30000;218537026;218567026;98670bd1-72b4-4919-9a1c-9eee2f72e096;WTB
10/09/2026 16:57:50;6978501553;Completed;0389107802;0385344178;C;RAVOHANGINIRINA;0;wallettobank;128000;320217191;320345191;baef72cb-7382-40ed-96d5-3c7590299322;WTB
10/09/2026 18:01:04;6982997150;Completed;0386805624;0385344178;C;Ravaonasolo;0;wallettobank;1190000;346355216;347545216;0b0cec99-f883-4a5c-ab27-6130bae4c166;WTB
10/09/2026 16:58:03;6978504172;Completed;0346542313;0385344178;C;RAZANAMIADANA;0;wallettobank;145500;320345191;320490691;fe753591-7f5d-46ed-93b1-7c996074012b;WTB
10/09/2026 13:50:03;6966440542;Completed;0346927545;0385344178;C;randrianarison;0;wallettobank;920000;218567026;219487026;49be8680-32af-4920-b32b-2cb0754dc827;WTB
10/09/2026 13:50:44;6966461385;Completed;0383829238;0385344178;C;RAKOTOMANGA;0;wallettobank;286600;219487026;219773626;0c2a48d1-6209-48e3-94fa-ffedfd8de67e;WTB
10/09/2026 15:18:44;6971832214;Completed;0341260492;0385344178;C;ranesa;0;wallettobank;400000;246946869;247346869;8c1a3c70-1d1f-4a11-938a-7f72aa6fc4e2;WTB
10/09/2026 15:20:23;6971914026;Completed;0381366490;0385344178;C;Be justin;0;wallettobank;906500;247346869;248253369;4521a5bc-a562-4bde-9a44-3852800e7001;WTB
10/09/2026 16:58:56;6978565598;Completed;0380652152;0385344178;C;Hasimbolatiana;0;wallettobank;100000;320490691;320590691;844f8c8f-6e31-4757-8b29-cf42120d40ac;WTB
10/09/2026 15:20:40;6971963299;Completed;0345618280;0385344178;C;RAKOTOARISON;0;wallettobank;158300;248253369;248411669;87964c6a-3178-41c4-a1b5-a2d09d527df4;WTB
10/09/2026 13:56:33;6966798484;Completed;0346834583;0385344178;C;Randriamampionona;0;wallettobank;124000;219773626;219897626;35e88904-88fe-4b24-9869-1052f4b0e3df;WTB
10/09/2026 15:20:42;6971955491;Completed;0341382331;0385344178;C;RAVAOSOLONIRINA;0;wallettobank;265000;248411669;248676669;289839d6-746d-441b-a174-14c0eec79b86;WTB
10/09/2026 13:57:20;6966849611;Completed;0388262080;0385344178;C;RABEMANANJARA;0;wallettobank;150100;220219526;220369626;05e7ce6d-61a7-4c2e-9d5d-bd16726fd6ad;WTB
10/09/2026 13:57:07;6966823177;Completed;0346486291;0385344178;C;andriamaro;0;wallettobank;321900;219897626;220219526;179c17c9-2974-46c2-bbcd-ab47c8b3a571;WTB
10/09/2026 15:21:03;6971963109;Completed;0346698161;0385344178;C;HARIFININA;0;wallettobank;280000;248676669;248956669;233d6824-ad59-47da-b1d3-f5bfae136d03;WTB
10/09/2026 15:21:29;6972002258;Completed;0345143350;0385344178;C;RAKOTONIAINA;0;wallettobank;54000;248956669;249010669;55bee52c-3efb-46a9-b897-5d02bcb69f75;WTB
10/09/2026 18:01:23;6983006469;Completed;0346817430;0385344178;C;raharimalalandrianina;0;wallettobank;240000;347545216;347785216;95e1c9d6-f2dc-4d32-9fe8-559d1c27205e;WTB
10/09/2026 13:59:36;6966972437;Completed;0347782779;0385344178;C;RAHERINIRINA;0;wallettobank;150000;220369626;220519626;565880db-ad2e-4766-9579-bc3385acd9a6;WTB
10/09/2026 14:00:42;6967021728;Completed;0346520965;0385344178;C;RANDRIAMANANTENA;0;wallettobank;447000;220519626;220966626;7140b169-45a0-44f4-9580-c3180495d3e0;WTB
10/09/2026 16:23:19;6976081528;Completed;0384533516;0385344178;C;NARCISSE;0;wallettobank;494000;297463469;297957469;84d6e923-cf06-4578-98b1-a0479c5bb948;WTB
10/09/2026 14:02:00;6967109871;Completed;0387928597;0385344178;C;MARIE SOLIE LACIENNE;0;wallettobank;301000;220966626;221267626;d69e34a5-d63c-4aeb-87e2-674d9be0f566;WTB
10/09/2026 15:22:58;6972111519;Completed;0385120449;0385344178;C;RAMIANJATINA;0;wallettobank;370000;249010669;249380669;5da3cad2-54dc-41ff-aefc-69359a5c946f;WTB
10/09/2026 17:00:05;6978666659;Completed;0341784626;0385344178;C;RAFALY;0;wallettobank;260600;320590691;320851291;177f355a-b18c-4dbb-89ea-35a3a6dd36ad;WTB
10/09/2026 15:23:38;6972141949;Completed;0381894293;0385344178;C;NOMENJANAHARY;0;wallettobank;130000;249380669;249510669;96c768d1-3580-4f1a-bb98-b8c4f37b0f7d;WTB
10/09/2026 15:23:43;6972144358;Completed;0387319200;0385344178;C;HANITRINIAINA;0;wallettobank;575000;249510669;250085669;37a1486b-277f-4224-b734-936f1b7b7050;WTB
10/09/2026 14:04:14;6967239480;Completed;0388796651;0385344178;C;RANDRIAFANOMEZANA;0;wallettobank;75000;221267626;221342626;79f3c138-6ce3-4eed-8c38-deb82f13fbf7;WTB
10/09/2026 14:04:36;6967267955;Completed;0384614188;0385344178;C;RAZANABOAAHARISOA;0;wallettobank;1385300;221342626;222727926;ffbceb6d-d691-4137-ae5f-8bba8c705134;WTB
10/09/2026 14:04:52;6967262399;Completed;0382850519;0385344178;C;Idealy Soa Mickael;0;wallettobank;400000;222727926;223127926;cbccc1b9-ef2f-4e18-8472-66c06cec80b7;WTB
10/09/2026 15:24:39;6972197965;Completed;0344618995;0385344178;C;Salmanjee;0;wallettobank;520000;250085669;250605669;c93a843c-3995-4b45-8a0c-0641c9011378;WTB
10/09/2026 15:25:00;6972200649;Completed;0388293891;0385344178;C;RAHARIMANANA;0;wallettobank;15000;250605669;250620669;29ff8ebb-f45c-4284-98ce-3e8393b82f72;WTB
10/09/2026 14:06:54;6967388978;Completed;0387928597;0385344178;C;MARIE SOLIE LACIENNE;0;wallettobank;113000;223127926;223240926;0a2d8e21-3c6a-448a-977c-983d1ff33968;WTB
10/09/2026 14:07:11;6967402632;Completed;0386548984;0385344178;C;RANDRIANARISOA;0;wallettobank;2475300;223240926;225716226;e0ffe6c1-654c-462b-bcd8-4b7798a5c507;WTB
10/09/2026 15:26:26;6972299582;Completed;0345247649;0385344178;C;ben said;0;wallettobank;640000;254605369;255245369;4d55c2a1-562f-4b7e-b2d2-1f926a364d34;WTB
10/09/2026 15:25:52;6972276011;Completed;0384674700;0385344178;C;RAKOTONDRAZAFY;0;wallettobank;178500;250620669;250799169;429e5620-53ce-42b6-8a63-fa440ebd14b2;WTB
10/09/2026 15:26:16;6972302601;Completed;0381804999;0385344178;C;RAZANANIVO;0;wallettobank;2000000;250799169;252799169;82287cbe-eafb-4e0b-b1cf-762ee1ba8ef3;WTB
10/09/2026 15:26:25;6972327252;Completed;0349119323;0385344178;C;BAKOLIARINOSY;0;wallettobank;1806200;252799169;254605369;21cc0850-2d52-42b9-ac5f-32db1792b68f;WTB
10/09/2026 14:11:40;6967701089;Completed;0340781929;0385344178;C;RAMANANDRAIBE;0;wallettobank;918800;225716226;226635026;d33cbe1e-f573-4024-adf0-91a6fc103c6d;WTB
10/09/2026 15:27:24;6972375471;Completed;0344461020;0385344178;C;RASOAHAVANA;0;wallettobank;268700;255245369;255514069;23202d79-2c93-4adc-9222-1bcf02ae3f4b;WTB
10/09/2026 14:12:26;6967743709;Completed;0387376488;0385344178;C;RAKOTOARIVONY;0;wallettobank;84000;226635026;226719026;a405290e-5357-4323-9131-602747cfcb72;WTB
10/09/2026 18:02:23;6983063449;Completed;0349343291;0385344178;C;VALDO;0;wallettobank;426000;347785216;348211216;81add86c-b543-4544-b306-6ec4677442fd;WTB
10/09/2026 14:12:50;6967737060;Completed;0340323046;0385344178;C;rajaofera;0;wallettobank;3000;226719026;226722026;0d3436f7-670c-48ff-af9d-c3c841f5fdc9;WTB
10/09/2026 14:13:04;6967762260;Completed;0341060408;0385344178;C;RAVAOARIMALALA;0;wallettobank;252500;226722026;226974526;a2e72ced-3529-4e8d-911b-d1c773cb5dc2;WTB
10/09/2026 14:13:26;6967812034;Completed;0346118806;0385344178;C;randriamanantoanina;0;wallettobank;482000;226974526;227456526;bb9959a3-c652-42a0-bf56-a43c8a644a78;WTB
10/09/2026 15:28:32;6972455764;Completed;0340433334;0385344178;C;RAHOLIARINIVO;0;wallettobank;224500;255514069;255738569;4606495c-be8f-42f6-bf25-7c7e2aa27bdd;WTB
10/09/2026 14:15:52;6967929328;Completed;0340137910;0385344178;C;Ravaoarisoa;0;wallettobank;905000;227456526;228361526;05726006-198d-4ce6-85b5-af622aa0f9b7;WTB
10/09/2026 14:16:42;6968017764;Completed;0382850519;0385344178;C;Idealy Soa Mickael;0;wallettobank;100000;228361526;228461526;fc255f4b-afd8-4f6d-8440-aacf2cac08af;WTB
10/09/2026 17:02:58;6978860063;Completed;0382010807;0385344178;C;RAKOTONDRASOA;0;wallettobank;213200;320851291;321064491;8ed4249d-7f24-4d98-9d44-014f4a0ebf44;WTB
10/09/2026 15:31:08;6972626316;Completed;0346518366;0385344178;C;RAMIANDRISOA;0;wallettobank;19000;255738569;255757569;573bc796-b41b-4001-9a2f-d6962788162e;WTB
10/09/2026 17:03:06;6978834888;Completed;0349404877;0385344178;C;RAKOTONDRAMANANA;0;wallettobank;121000;321064491;321185491;fa326b76-a179-4fb8-8869-1a5b034a1c15;WTB
10/09/2026 18:02:57;6983134366;Completed;0386490454;0385344178;C;Nivo;0;wallettobank;188900;348211216;348400116;ee089fc9-8e4e-466f-bb52-ecea90d378b7;WTB
10/09/2026 15:31:16;6972598570;Completed;0349144442;0385344178;C;RANDRIARIMANANA;0;wallettobank;487000;255757569;256244569;b391c8e4-da9c-4a5e-ad16-b9ad23bde209;WTB
10/09/2026 17:03:19;6978864872;Completed;0388161917;0385344178;C;RAOELINA;0;wallettobank;360000;321185491;321545491;09e00bc4-4592-4206-a3af-3f68981839fe;WTB
10/09/2026 15:31:46;6972668017;Completed;0343164736;0385344178;C;MELISSE;0;wallettobank;327300;256244569;256571869;780d7a64-914a-4fd4-a96b-6bab0bbc5e74;WTB
10/09/2026 14:22:57;6968379128;Completed;0345483308;0385344178;C;RAHARONIAINA;0;wallettobank;120016;229461526;229581542;93c1ebbc-3830-42c2-9273-78e34e6f2396;WTB
10/09/2026 14:24:02;6968439783;Completed;0340805229;0385344178;C;RABENJAMINA;0;wallettobank;178000;229581542;229759542;c50a6804-d275-42c1-861f-7bfbd31f4056;WTB
10/09/2026 14:24:20;6968460813;Completed;0386720773;0385344178;C;RAHARIMANANA;0;wallettobank;750000;229759542;230509542;593d311c-f18f-48aa-9a3c-d5578577e89b;WTB
10/09/2026 14:26:28;6968596725;Completed;0348026905;0385344178;C;RALIVELO;0;wallettobank;230000;230509542;230739542;ceb235c4-d55d-4312-9d73-852cd3a550e7;WTB
10/09/2026 15:34:10;6972811746;Completed;0343577957;0385344178;C;RABENIHOAVY;0;wallettobank;226000;256571869;256797869;352aab58-7541-48f5-ac09-24a13f872baa;WTB
10/09/2026 14:27:25;6968649316;Completed;0381089016;0385344178;C;FIYIAVANJANAHARY;0;wallettobank;10000;230739542;230749542;d1b2fe1e-aad5-48c2-84b9-2e1c38cb8088;WTB
10/09/2026 17:04:29;6978937617;Completed;0384054809;0385344178;C;HAJARAMAMPIONONA;0;wallettobank;3000;321545491;321548491;6102e088-0624-4d0d-af15-2befbee77cfc;WTB
10/09/2026 14:28:52;6968717814;Completed;0343245424;0385344178;C;ZAFINANGATAHY;0;wallettobank;450000;230749542;231199542;531748d0-3949-4143-8beb-65ee4ca6685b;WTB
10/09/2026 14:28:54;6968715561;Completed;0346843393;0385344178;C;RATSIMANDRESY;0;wallettobank;700000;231199542;231899542;3236de7d-afac-49b7-b0c1-871478997403;WTB
10/09/2026 14:29:13;6968769881;Completed;0380534563;0385344178;C;Imbola;0;wallettobank;527700;231899542;232427242;d5da8989-64d0-42ac-b7bd-ff3594f0f947;WTB
10/09/2026 16:34:55;6976857996;Completed;0388487798;0385344178;C;Sentofifaliana;0;wallettobank;15000;307765391;307780391;94add19f-16c3-4a1e-bf05-a690800b6a5d;WTB
10/09/2026 14:30:14;6968826412;Completed;0341320090;0385344178;C;rasolonirina;0;wallettobank;523000;232427242;232950242;97e77733-c354-4842-9145-de51c7389103;WTB
10/09/2026 15:35:57;6972922569;Completed;0349898282;0385344178;C;Faranirina;0;wallettobank;4607000;256797869;261404869;65adecbb-f635-4360-bf3d-24cbd62b0b1a;WTB
10/09/2026 14:31:24;6968893291;Completed;0343478978;0385344178;C;RAZAFIHARIVELO;0;wallettobank;800000;232950242;233750242;7d05eb2b-5a41-410f-b133-d76f83910e4c;WTB
10/09/2026 15:59:14;6974447811;Completed;0383792330;0385344178;C;HERILALAINA;0;wallettobank;50000;281772369;281822369;8ac72fff-a9b9-4957-b5e7-a94bc281d436;WTB
10/09/2026 15:37:19;6973043224;Completed;0384723215;0385344178;C;RAZAFINIRINA;0;wallettobank;440000;263668269;264108269;afb82537-8bf4-4eca-b5a7-ae664deed5b5;WTB
10/09/2026 14:31:36;6968874843;Completed;0340651959;0385344178;C;Razafindratsila;0;wallettobank;10000;233750242;233760242;2580059a-686b-443f-af8a-76b77b80a19d;WTB
10/09/2026 14:31:55;6968905070;Completed;0343190681;0385344178;C;RAHAVOSON;0;wallettobank;900000;233760242;234660242;3a18489c-a17e-42aa-9710-7cdca4d00b59;WTB
10/09/2026 15:36:23;6972953145;Completed;0348950060;0385344178;C;Razafimahatratra;0;wallettobank;200000;261404869;261604869;6efea342-c506-4b05-bf78-33eb135d6ef4;WTB
10/09/2026 15:36:39;6972973949;Completed;0345551373;0385344178;C;DELPHIN;0;wallettobank;513400;261604869;262118269;fd3f2d2c-f704-4ccf-9938-d4695c8d7a6e;WTB
10/09/2026 14:33:17;6968996939;Completed;0385938014;0385344178;C;RAVELONIRINA;0;wallettobank;120000;234660242;234780242;39b48ca4-dd1d-4670-a221-5b0f47156fc6;WTB
10/09/2026 15:37:03;6973012079;Completed;0340146309;0385344178;C;Rasoamampionona;0;wallettobank;1550000;262118269;263668269;c94d55ad-3d1a-405d-9d25-88ae9c785abf;WTB
10/09/2026 14:34:04;6969021448;Completed;0383092952;0385344178;C;Fanomezana Mampionona Finoana;0;wallettobank;141800;234780242;234922042;698c4e70-1ebd-4e03-a237-0982cf26d680;WTB
10/09/2026 15:37:58;6973078779;Completed;0381964379;0385344178;C;RAZAFINDRATSIMA;0;wallettobank;1530000;264108269;265638269;521819b6-a0fb-40a1-90c4-4dc3286e8750;WTB
10/09/2026 15:38:04;6973072807;Completed;0340965775;0385344178;C;ANGELINE;0;wallettobank;230000;265638269;265868269;59d97d9b-315a-40fd-b8cf-29ffcf140db5;WTB
10/09/2026 18:04:00;6983190506;Completed;0347181883;0385344178;C;LILIAZOE;0;wallettobank;1310000;348400116;349710116;9f09b828-76a3-4be9-8a7a-ec4298169ebc;WTB
10/09/2026 14:36:35;6969221958;Completed;0341522914;0385344178;C;HARIJAONA;0;wallettobank;130000;234922042;235052042;d2e6a3bc-06a5-4bf6-acd8-d4fa504573bf;WTB
10/09/2026 17:06:12;6979088786;Completed;0380400496;0385344178;C;Raissa Marie;0;wallettobank;593900;321548491;322142391;ec5b1605-8a3a-4f7a-b84c-a18dfe61638e;WTB
10/09/2026 15:38:55;6973118314;Completed;0348237124;0385344178;C;HUBERT GHISLAIN;0;wallettobank;603000;265868269;266471269;aa39e274-8024-446e-8701-d18e1fa00112;WTB
10/09/2026 15:39:21;6973156561;Completed;0385406328;0385344178;C;IHALIFIORENANTSOA;0;wallettobank;222900;266471269;266694169;10b51dd1-2c32-4096-939b-f514fa49895b;WTB
10/09/2026 15:59:48;6974480253;Completed;0386881671;0385344178;C;Ratovoniaina;0;wallettobank;45000;281822369;281867369;ef6064e6-080c-47e8-99d8-a6999905f407;WTB
10/09/2026 15:39:43;6973192507;Completed;0380738168;0385344178;C;Rahandry;0;wallettobank;290000;266694169;266984169;139c169b-135f-4042-8503-ac4ef58e741b;WTB
10/09/2026 14:38:43;6969339187;Completed;0383429055;0385344178;C;Rakotoarijaona;0;wallettobank;234000;235052042;235286042;571f82f1-d334-4e68-b40e-d09d9ed67941;WTB
10/09/2026 15:39:50;6973179477;Completed;0344177886;0385344178;C;Rakotomalala;0;wallettobank;6100000;266984169;273084169;a172f807-baa5-40dd-b5c3-634858831f1b;WTB
10/09/2026 15:40:33;6973236933;Completed;0349060548;0385344178;C;RAKOTOMANANERA;0;wallettobank;70900;273084169;273155069;30684282-0b58-4b13-a823-938b3d666440;WTB
10/09/2026 15:40:57;6973275734;Completed;0389508789;0385344178;C;Mandimbisoa;0;wallettobank;200000;273155069;273355069;6f7bd9f7-fce3-4d71-9015-04d6c64c7944;WTB
10/09/2026 17:07:02;6979137357;Completed;0344411641;0385344178;C;OLY VERO;0;wallettobank;6000;322142391;322148391;f4e11c68-54c5-4a5b-9c7a-583986cb6929;WTB
10/09/2026 17:07:03;6979117462;Completed;0346828807;0385344178;C;RAVELOARISOA;0;wallettobank;435000;322148391;322583391;3a84d7c6-b029-439d-a9af-0a99115c6644;WTB
10/09/2026 14:41:35;6969492404;Completed;0343107513;0385344178;C;rasoavelonera;0;wallettobank;222000;235286042;235508042;8c0f529b-c373-48a3-8259-e0f0dba5d546;WTB
10/09/2026 14:41:46;6969500452;Completed;0349098107;0385344178;C;Rasolofomanana;0;wallettobank;300000;235508042;235808042;ff9ddd1c-a5bb-4fb8-bcec-7fb96f0e5d9f;WTB
10/09/2026 15:41:22;6973289048;Completed;0349056689;0385344178;C;tongalaza;0;wallettobank;122600;273355069;273477669;e1f61788-81ec-416a-9e63-b4206580df6f;WTB
10/09/2026 14:42:05;6969545290;Completed;0342194607;0385344178;C;Andriambinimanitra;0;wallettobank;314000;235808042;236122042;2784e4aa-0a18-4529-bce6-6f44afbfecac;WTB
10/09/2026 14:42:12;6969557011;Completed;0345614495;0385344178;C;RAFALIMANANA;0;wallettobank;86000;236122042;236208042;ce9c6c96-8c6a-4ca8-ad8d-8a701b7ab1da;WTB
10/09/2026 14:42:19;6969533789;Completed;0383633419;0385344178;C;RAHARIMANANTSOA;0;wallettobank;7000;236208042;236215042;60a75085-6b1c-4fab-9c51-6f52db9d4e5e;WTB
10/09/2026 17:07:16;6979194122;Completed;0346561076;0385344178;C;RASOAVOLOLONA;0;wallettobank;58000;322583391;322641391;b95b18a2-9cc0-489e-ae5f-32c1502f4bda;WTB
10/09/2026 14:43:08;6969613406;Completed;0346257145;0385344178;C;Harimananjara;0;wallettobank;586122;236215042;236801164;ba8f3dde-d440-4db5-84e5-efe399af35e2;WTB
10/09/2026 15:42:09;6973326768;Completed;0389307475;0385344178;C;RASOANARIVAHOAKA;0;wallettobank;400000;273477669;273877669;dd1ecaad-9eee-4de3-a653-65c1f7f03636;WTB
10/09/2026 14:45:52;6969751498;Completed;0345893970;0385344178;C;RALANTOARIVONY;0;wallettobank;355000;236801164;237156164;1e3cdb5b-2572-498a-96f6-7fe02025bf3d;WTB
10/09/2026 15:43:18;6973420270;Completed;0382850519;0385344178;C;Idealy Soa Mickael;0;wallettobank;200;273877669;273877869;ba5981fc-3627-4b5b-b247-e813641d66ae;WTB
10/09/2026 14:46:30;6969814915;Completed;0381598292;0385344178;C;RASOANASY;0;wallettobank;78000;237156164;237234164;db8d343f-3a59-4375-aee2-a49ef6c3cc0c;WTB
10/09/2026 15:43:50;6973428246;Completed;0380728320;0385344178;C;TODISON;0;wallettobank;160000;273877869;274037869;c6224585-aafc-4703-b132-002eb07b1c1a;WTB
10/09/2026 14:48:11;6969917083;Completed;0388102114;0385344178;C;Santatriniaina;0;wallettobank;900000;237234164;238134164;c122b8b7-2b94-4e29-a566-9f3e6c380d9a;WTB
10/09/2026 14:48:12;6969906052;Completed;0388574965;0385344178;C;ANDRIANJAFIHANTA;0;wallettobank;350000;238134164;238484164;45d458ae-74af-4ba4-b442-f93935646a1c;WTB
10/09/2026 17:08:18;6979238487;Completed;0349414430;0385344178;C;RANDRIANIAINA;0;wallettobank;1735000;322641391;324376391;ca471ede-ab4b-4314-bb05-26855a2543de;WTB
10/09/2026 15:44:20;6973482336;Completed;0346176919;0385344178;C;RABENIARY;0;wallettobank;330000;274037869;274367869;f8ba0702-1ab7-4990-a586-ce98cc1f20b8;WTB
10/09/2026 14:49:03;6969938193;Completed;0384233978;0385344178;C;Ramaromanana;0;wallettobank;260000;238484164;238744164;1bc5de55-e057-4914-a754-b22a6fb24e9c;WTB
10/09/2026 14:49:19;6970005655;Completed;0348909421;0385344178;C;Herimbola;0;wallettobank;34000;238744164;238778164;27945b35-8dfe-4d7e-9317-63644ea7645b;WTB
10/09/2026 14:50:35;6970038162;Completed;0347696021;0385344178;C;RANDRIANARISOA;0;wallettobank;37000;238778164;238815164;ef6fd088-d853-4303-a702-cc325abf41eb;WTB
10/09/2026 17:08:46;6979301458;Completed;0383583977;0385344178;C;RAVAOHITA ARMINE;0;wallettobank;540000;324376391;324916391;f1aa8f7e-183d-4a1a-ad0b-871ee226024a;WTB
10/09/2026 17:43:22;6981768418;Completed;0385060161;0385344178;C;Rasoanantenaina;0;wallettobank;250000;340296916;340546916;06947215-88be-4b2c-b6cf-b04514b9f38d;WTB
10/09/2026 14:52:00;6970145760;Completed;0341551733;0385344178;C;ANDRIANASOLO;0;wallettobank;140000;233815164;233955164;7fbe5af7-4bbc-4975-b71e-f38b6a2a331e;WTB
10/09/2026 14:52:43;6970177878;Completed;0380873824;0385344178;C;Razafimaro;0;wallettobank;50000;234264764;234314764;c8e7dae2-49e1-45f2-b3cd-5536873a55f4;WTB
10/09/2026 14:52:27;6970199217;Completed;0343734409;0385344178;C;RANAHARISOA SEVERIN PHILIPPE;0;wallettobank;165000;233955164;234120164;b8557884-2d50-4b92-9090-550dc1beaece;WTB
10/09/2026 14:52:41;6970163176;Completed;0348909421;0385344178;C;Herimbola;0;wallettobank;144600;234120164;234264764;c0bf05ab-99a6-4671-b81a-8d300fd2d346;WTB
10/09/2026 15:46:20;6973608076;Completed;0347510049;0385344178;C;rasoafara;0;wallettobank;200;274367869;274368069;676a6799-94b7-4ac7-997c-c194ed26ee25;WTB
10/09/2026 15:46:41;6973618540;Completed;0386635973;0385344178;C;RAKOTOMANGA;0;wallettobank;725000;274368069;275093069;3fb21919-b21c-4ce8-84a9-10c26e3f04ed;WTB
10/09/2026 17:10:29;6979406816;Completed;0341361675;0385344178;C;Razafindrafara;0;wallettobank;112000;324916391;325028391;59a5951c-dba3-44d7-a076-a2270064e8e2;WTB
10/09/2026 15:46:49;6973643324;Completed;0340694711;0385344178;C;norotiana;0;wallettobank;1073000;275093069;276166069;5229a638-d769-4ede-92ad-e68307487ad0;WTB
10/09/2026 15:47:12;6973662617;Completed;0344411641;0385344178;C;OLY VERO;0;wallettobank;161600;276166069;276327669;8413c61a-2894-4bd0-99da-6da3edce419f;WTB
10/09/2026 15:47:19;6973690454;Completed;0389939062;0385344178;C;RAFANOMEZANTSOA;0;wallettobank;50000;276327669;276377669;80184e67-1347-41ff-8df4-53899692566d;WTB
10/09/2026 18:33:30;6985165727;Completed;0389974880;0385344178;C;RAZAFINDRAKOTO;0;wallettobank;243000;356387816;356630816;dac59610-f454-4454-8caa-0cbb3ed2656d;WTB
10/09/2026 18:33:37;6985164231;Completed;0348032920;0385344178;C;randrianantenaina;0;wallettobank;1100000;356630816;357730816;2ae34e7b-8bb8-4cd0-aef9-1f17d27eee00;WTB
10/09/2026 18:33:40;6985174502;Completed;0381165142;0385344178;C;Ramamenoharimanana;0;wallettobank;269600;357730816;358000416;ae645f47-b856-44d9-915f-8613623cfdc8;WTB
10/09/2026 17:11:10;6979477389;Completed;0348950060;0385344178;C;Razafimahatratra;0;wallettobank;100000;325028391;325128391;84c1f8b8-a94c-40ed-9671-6a03a793121e;WTB
10/09/2026 15:49:19;6973804597;Completed;0388662418;0385344178;C;Salohinirina Rinah Zerline;0;wallettobank;900000;276377669;277277669;f28180af-168f-4f08-8b70-d4fd315c35aa;WTB
10/09/2026 15:50:04;6973836727;Completed;0348146262;0385344178;C;OLIVIENNE;0;wallettobank;85000;277277669;277362669;e2d5cdd6-8095-4c86-af53-30188a1575f2;WTB
10/09/2026 15:50:32;6973871122;Completed;0343903470;0385344178;C;Ratefinjanahary;0;wallettobank;410000;277362669;277772669;ce02f4e4-a5af-44fb-a649-d1ebdebb73cc;WTB
10/09/2026 15:50:47;6973924326;Completed;0342772808;0385344178;C;RANIVOSOA;0;wallettobank;60000;277772669;277832669;5211658f-7482-46f9-bafe-8c1c9a644cee;WTB
10/09/2026 15:50:54;6973932032;Completed;0344640682;0385344178;C;Eveline;0;wallettobank;202000;277832669;278034669;cfec6b95-04cb-4802-9c6d-78cf7fdd9aa8;WTB
10/09/2026 18:06:41;6983397130;Completed;0343667763;0385344178;C;RANDRIAMAHAZAKA;0;wallettobank;200500;349710116;349910616;0bbc2a6e-966d-4dc2-a3d9-a380af16c368;WTB
10/09/2026 17:12:56;6979600641;Completed;0384170998;0385344178;C;Andrianantenaina;0;wallettobank;60000;325128391;325188391;3b361db9-0096-4136-9aaa-68607deb8902;WTB
10/09/2026 17:13:13;6979621023;Completed;0342704854;0385344178;C;volahova;0;wallettobank;300000;325188391;325488391;8cb1eaa3-3b3b-42bd-9b82-fd722e15781b;WTB
10/09/2026 15:54:41;6974182716;Completed;0345326979;0385344178;C;RASOATODY;0;wallettobank;374000;278095669;278469669;032fe519-3b07-428d-8073-b7c9c5a9a857;WTB
10/09/2026 15:54:38;6974176219;Completed;0386112748;0385344178;C;Razanandrafara;0;wallettobank;61000;278034669;278095669;8a123a17-b46c-4f5b-823d-96281af849d6;WTB
10/09/2026 15:55:50;6974232767;Completed;0342286914;0385344178;C;Solo Harivelo Andriambolamanana;0;wallettobank;64500;278469669;278534169;7101daf8-5592-4695-bb48-1bc90b60bb9e;WTB
10/09/2026 18:34:46;6985251622;Completed;0349274402;0385344178;C;ampimanana;0;wallettobank;250000;358000416;358250416;6c3581cd-5cdd-48a7-91ce-de552ef66bce;WTB
10/09/2026 15:56:45;6974280017;Completed;0348548841;0385344178;C;andriatsarafidy;0;wallettobank;393200;278534169;278927369;e7fe2edb-3a5d-4b34-b1e2-0da543e1c10d;WTB
10/09/2026 15:57:57;6974367693;Completed;0341320142;0385344178;C;RAZAFINDRABE;0;wallettobank;2700000;278972369;281672369;215c47d5-4984-4290-8c55-026690ac2a5e;WTB
10/09/2026 17:14:43;6979690340;Completed;0380255448;0385344178;C;Rakotomamonjy;0;wallettobank;170000;325488391;325658391;7fbff750-0191-47aa-ae66-822b352fea1b;WTB
10/09/2026 15:57:49;6974354489;Completed;0342286914;0385344178;C;Solo Harivelo Andriambolamanana;0;wallettobank;45000;278927369;278972369;7acce1bb-887d-45b9-b88b-9cf7eb2cbc69;WTB
10/09/2026 15:58:03;6974371140;Completed;0349713838;0385344178;C;RAMANANTENA;0;wallettobank;100000;281672369;281772369;101ad183-9ac7-4886-8868-92c829aa4577;WTB
10/09/2026 17:14:52;6979698034;Completed;0380887976;0385344178;C;DIOMEDIA;0;wallettobank;106600;325658391;325764991;d84d0b51-b46c-4627-a88a-945728d3d8f5;WTB
10/09/2026 17:15:06;6979735473;Completed;0344471246;0385344178;C;RAVELOSON;0;wallettobank;2289211;325764991;328054202;bc961062-8e94-497f-b89f-7a751878fc83;WTB
10/09/2026 18:07:37;6983429366;Completed;0346545825;0385344178;C;Rambolanoeline;0;wallettobank;560000;349910616;350470616;5dd6db59-c9e0-468b-bc77-73edfb89d8a6;WTB
10/09/2026 16:00:44;6974534810;Completed;0384798232;0385344178;C;RANARINANTENAINA;0;wallettobank;840000;281867369;282707369;3b6f9093-544b-4313-86b8-f93954726447;WTB
10/09/2026 16:01:15;6974591284;Completed;0342263726;0385344178;C;RAFALIHARIVONY;0;wallettobank;347000;282707369;283054369;b26140a1-631e-48fa-afdf-f8408f45a946;WTB
10/09/2026 16:01:22;6974615135;Completed;0389158854;0385344178;C;Ramanantoanina;0;wallettobank;3242000;283054369;286296369;9136fec8-3af0-4c05-bacb-4006ce6bfc81;WTB
10/09/2026 16:02:01;6974655447;Completed;0348548418;0385344178;C;rabearimalala;0;wallettobank;400000;286296369;286696369;0d334b2a-c0fe-478b-925b-4fc2216d66cc;WTB
10/09/2026 16:02:19;6974658363;Completed;0388154580;0385344178;C;Randrianjanahary;0;wallettobank;59000;286696369;286755369;d33d3f4d-6368-4359-994a-52b81db2a5ad;WTB
10/09/2026 17:17:05;6979882140;Completed;0342601237;0385344178;C;Andriatahiry;0;wallettobank;698000;328054202;328752202;3d19c418-2111-47c9-bfec-a74a09cba9fd;WTB
10/09/2026 16:04:49;6974853627;Completed;0384862978;0385344178;C;RASAMOELINA;0;wallettobank;10000;286755369;286765369;e464e6ac-d057-4511-b94c-7e951d93f83a;WTB
10/09/2026 16:06:24;6974946293;Completed;0344653920;0385344178;C;RASOLONJANAHARY;0;wallettobank;180000;287025369;287205369;54f614f4-de43-4d4f-b463-e31253dd1dcd;WTB
10/09/2026 16:07:12;6975003600;Completed;0381924792;0385344178;C;RAMANANTSOA;0;wallettobank;440000;287205369;287645369;b25e9830-aede-4cf6-8abc-ac331eb6827c;WTB
10/09/2026 16:08:38;6975059385;Completed;0389713837;0385344178;C;Andriamahafaly;0;wallettobank;290000;287645369;287935369;a98fdb91-2532-4da5-aef1-dd2325d82de4;WTB
10/09/2026 16:08:59;6975106640;Completed;0386304045;0385344178;C;RANDRIAMAROJAONA;0;wallettobank;640000;287935369;288575369;506517fb-d1a1-4b20-a9a4-ee8980ca86fa;WTB
10/09/2026 16:09:35;6975162065;Completed;0344505924;0385344178;C;RAKOTOMANGA;0;wallettobank;1560000;288575369;290135369;30c61e5c-0488-440a-afe7-0bf9e49ebe41;WTB
10/09/2026 16:10:02;6975186114;Completed;0389713837;0385344178;C;Andriamahafaly;0;wallettobank;3000;290135369;290138369;71c1f5f9-f795-415f-a91b-95f8c706efac;WTB
10/09/2026 16:10:46;6975217117;Completed;0342033326;0385344178;C;Ratombosoa;0;wallettobank;324000;290138369;290462369;81093470-ae05-48ea-8a82-4e4fee5cb0f6;WTB
10/09/2026 16:27:40;6976386287;Completed;0341865258;0385344178;C;VICTORINE;0;wallettobank;358700;298858769;299217469;1d3bfa28-a452-45ac-9f4d-463ac8bbd7ab;WTB
10/09/2026 17:20:10;6980132024;Completed;0383476470;0385344178;C;RANDRIAMARO;0;wallettobank;242000;328752202;328994202;f547701d-96d5-4511-be2e-ad9f06f77f11;WTB
10/09/2026 16:11:46;6975289963;Completed;0381387178;0385344178;C;RAFANANTENANASOA;0;wallettobank;750000;290462369;291212369;322fff4f-7a3c-4035-a6df-6ab6e0745d7a;WTB
10/09/2026 17:20:34;6980168755;Completed;0383813651;0385344178;C;CHAN YOLENG;0;wallettobank;316500;328994202;329310702;ead0467f-e2e3-46dd-b974-a1f570b02eee;WTB
10/09/2026 16:13:47;6975410280;Completed;0386707145;0385344178;C;Ralaiharijaona;0;wallettobank;300000;292167369;292467369;49c8d6e7-5119-43c9-88e7-2593c3e2e2bc;WTB
10/09/2026 16:13:21;6975390466;Completed;0388913180;0385344178;C;Nirina;0;wallettobank;355000;291212369;291567369;053125e6-7531-489d-8947-f431fabfb8d7;WTB
10/09/2026 16:13:30;6975426499;Completed;0343813306;0385344178;C;RANDRIANAHY;0;wallettobank;600000;291567369;292167369;ce86fa6c-8845-4f27-bfb4-cdec41a6c452;WTB
10/09/2026 17:21:06;6980176777;Completed;0342838762;0385344178;C;RAHANTANOMENJANAHARY;0;wallettobank;302100;329310702;329612802;b24c2efb-994d-4190-bfcf-aee693108bef;WTB
10/09/2026 16:14:18;6975461740;Completed;0348449098;0385344178;C;Voahirana;0;wallettobank;300000;292467369;292767369;a25b32f0-dca2-447b-9ef1-86619e235465;WTB
10/09/2026 16:16:31;6975651667;Completed;0389540360;0385344178;C;Raminoarisoa;0;wallettobank;770000;292767369;293537369;d492f75a-4236-4d67-8479-96a363801fbe;WTB
10/09/2026 16:16:34;6975653396;Completed;0383070003;0385344178;C;Andriarimalala;0;wallettobank;181600;293537369;293718969;85d57459-6843-4aeb-a176-0974787014a8;WTB
10/09/2026 16:18:00;6975701017;Completed;0340480417;0385344178;C;Rakotoarisoa;0;wallettobank;616000;293718969;294334969;50fc4f41-935b-4d2e-b491-b06e3125734c;WTB
10/09/2026 17:23:01;6980320387;Completed;0382657204;0385344178;C;Razafitsitohaina;0;wallettobank;1066000;329612802;330678802;47254021-dee0-4106-b135-86be24aa758d;WTB
10/09/2026 16:18:37;6975785270;Completed;0342708510;0385344178;C;RANDRIAMIFIDY;0;wallettobank;91000;294334969;294425969;b16ecdc2-207d-41a8-a63a-90da3d014bc5;WTB
10/09/2026 16:19:11;6975819358;Completed;0385345438;0385344178;C;RAMAHAVALARISOA;0;wallettobank;193500;294425969;294619469;36b0fe0e-ced5-4535-82f1-61381f90bfc5;WTB
10/09/2026 16:20:31;6975902689;Completed;0388913180;0385344178;C;Nirina;0;wallettobank;10000;294619469;294629469;02628d51-08e6-4823-8a6d-96215ed1be14;WTB
10/09/2026 17:24:35;6980447420;Completed;0348600182;0385344178;C;RASOAMIERA;0;wallettobank;309914;330678802;330988716;362a53f0-aed0-45b2-b52d-c8cda3b22a9f;WTB
10/09/2026 16:22:36;6976036627;Completed;0388232220;0385344178;C;Raharivony;0;wallettobank;367000;294629469;294996469;a012a287-a889-44ff-847e-18ec78d43451;WTB
10/09/2026 16:22:46;6976054673;Completed;0346536654;0385344178;C;RAFANOMEZANTSOA;0;wallettobank;905000;294996469;295901469;4d47a0f4-a188-4d9a-a6a2-4dc8d41249a4;WTB
10/09/2026 16:22:49;6976040882;Completed;0345133922;0385344178;C;Rasoarilanto;0;wallettobank;210000;295901469;296111469;fb790da9-231b-49fd-8e19-b5b9ef95b6f0;WTB
10/09/2026 16:23:09;6976100240;Completed;0382250447;0385344178;C;RAZAFINDRANAIVO;0;wallettobank;20000;296111469;296131469;74967d77-8a8a-499e-9ae7-7761f31ec922;WTB
10/09/2026 16:23:13;6976088420;Completed;0341865258;0385344178;C;VICTORINE;0;wallettobank;1332000;296131469;297463469;994214e5-f079-4de1-add3-18e42cec60d4;WTB
10/09/2026 16:24:24;6976135434;Completed;0343734409;0385344178;C;RANAHARISOA SEVERIN PHILIPPE;0;wallettobank;387500;297957469;298344969;86920764-e31b-47f0-b92d-6ee0c3e31a43;WTB
10/09/2026 16:25:39;6976242374;Completed;0343606384;0385344178;C;Ramiarisoa;0;wallettobank;85000;298344969;298429969;7b53de12-9587-4739-be2d-2c76b06fa7f9;WTB
10/09/2026 16:25:49;6976261937;Completed;0343362145;0385344178;C;RASOAMIHANTA;0;wallettobank;198000;298429969;298627969;6df45c0c-77a1-4152-be19-ccb9dc6e1bc7;WTB
10/09/2026 16:27:02;6976344971;Completed;0385950025;0385344178;C;RAVONIERIMALALA;0;wallettobank;40000;298627969;298667969;5a3781ef-8d0c-4d4c-a75c-2724e15d8085;WTB
10/09/2026 16:27:21;6976364628;Completed;0386635973;0385344178;C;RAKOTOMANGA;0;wallettobank;100000;298667969;298767969;d216a61c-82ea-4213-b17d-2c3155e6dec6;WTB
10/09/2026 16:27:30;6976356062;Completed;0343734409;0385344178;C;RANAHARISOA SEVERIN PHILIPPE;0;wallettobank;90800;298767969;298858769;7ca04971-c0f1-4a31-a3a1-1aff3c7e3246;WTB
10/09/2026 17:26:54;6980615875;Completed;0345841995;0385344178;C;Mananjara;0;wallettobank;170000;330988716;331158716;be3ad1e3-9472-4455-ae91-6c1d83b487b1;WTB
10/09/2026 16:28:19;6976417491;Completed;0346211967;0385344178;C;SOPHALLI;0;wallettobank;231522;299217469;299448991;6495cd7e-8e1a-49e0-98bb-fe30a515c14a;WTB
10/09/2026 16:29:20;6976488062;Completed;0349569694;0385344178;C;Andriatsiahilika;0;wallettobank;1120000;299448991;300568991;bb6af82d-4953-4742-96cf-a26c446b5b8f;WTB
10/09/2026 16:29:34;6976502897;Completed;0345178634;0385344178;C;razanatsoa;0;wallettobank;183000;300568991;300751991;5df6052f-fa34-4a92-a5a7-21710b6a9f11;WTB
10/09/2026 18:44:49;6985854880;Completed;0387814424;0385344178;C;RANDRIANTSAHOLITIANA;0;wallettobank;360000;358250416;358610416;f932d09d-66a6-409e-879f-1e56160a51bf;WTB
10/09/2026 16:30:37;6976574415;Completed;0340651959;0385344178;C;Razafindratsila;0;wallettobank;20000;300751991;300771991;1ac13321-e39b-431f-88ef-1ab0bda77ed5;WTB
10/09/2026 18:09:11;6983562463;Completed;0385289147;0385344178;C;Minoarimanana;0;wallettobank;897700;350470616;351368316;cce7d9f1-852f-4c74-a5f2-3cdd6501f2f0;WTB
10/09/2026 18:45:10;6985886116;Completed;0388293891;0385344178;C;RAHARIMANANA;0;wallettobank;5000;358610416;358615416;09ff5fb1-4b07-409e-9b1b-03fb14408cb5;WTB
10/09/2026 16:32:02;6976696561;Completed;0347850689;0385344178;C;Rafenomanantsoa;0;wallettobank;3527200;300771991;304299191;b782f3de-d0b7-4405-80ca-416c6e1918cd;WTB
10/09/2026 16:33:25;6976773868;Completed;0349174760;0385344178;C;rafidimanatsalama;0;wallettobank;861200;304299191;305160391;4101e06c-943b-4c3f-b7c4-c393ec77908b;WTB
10/09/2026 16:33:41;6976809620;Completed;0345172574;0385344178;C;LIDANY;0;wallettobank;1605000;305160391;306765391;798ca14e-d091-494d-8f65-7f6b38a845cc;WTB
10/09/2026 16:33:51;6976785975;Completed;0349895996;0385344178;C;Ramahefasoa;0;wallettobank;1000000;306765391;307765391;b74a3e0c-326c-4a74-ba08-600a808ada02;WTB
10/09/2026 16:35:17;6976916020;Completed;0386635973;0385344178;C;RAKOTOMANGA;0;wallettobank;251200;307780391;308031591;1a820f43-4562-44ac-b109-209315ffd2bb;WTB
10/09/2026 16:35:42;6976935291;Completed;0341897589;0385344178;C;RAHARISOA;0;wallettobank;118000;308130191;308248191;cff95d50-f6c8-4c79-9360-e3cc2ea58e51;WTB
10/09/2026 16:35:25;6976903904;Completed;0389009899;0385344178;C;RAZAFIMAHASOLO;0;wallettobank;98600;308031591;308130191;9bc6b480-97ca-4136-8be0-a873dea442f5;WTB
10/09/2026 16:36:55;6976998021;Completed;0388997551;0385344178;C;JOSEPH GILBERT;0;wallettobank;115000;308248191;308363191;75e2c3d9-7ad1-4e40-91d4-fbe9c992e092;WTB
10/09/2026 17:30:21;6980858032;Completed;0346229786;0385344178;C;DAHOUILSON;0;wallettobank;410000;331158716;331568716;20dcbd8e-0d38-4237-aab4-4a990c7029cd;WTB
10/09/2026 16:38:00;6977069291;Completed;0386010010;0385344178;C;RAHERINAINA SOANJANAHARY;0;wallettobank;540000;308363191;308903191;49e560fa-806a-49e2-88f6-c775f890a0d4;WTB
10/09/2026 16:38:08;6977084420;Completed;0381804999;0385344178;C;RAZANANIVO;0;wallettobank;200000;308903191;309103191;1522cde9-f3c0-4ab2-8a1f-0d70d890b6c7;WTB
10/09/2026 17:31:38;6980953069;Completed;0381272599;0385344178;C;RASOLOGINIAINA;0;wallettobank;273000;331568716;331841716;23279f34-6bab-48b0-83fe-6a718fa367d7;WTB
10/09/2026 16:38:41;6977121105;Completed;0345207054;0385344178;C;RAKOTOMANANA;0;wallettobank;200000;309103191;309303191;285b7e58-6551-46b1-a513-b4d866d0a115;WTB
10/09/2026 16:39:23;6977206337;Completed;0344787998;0385344178;C;RAHARIVOLOLONA MALALATIANA CELINE;0;wallettobank;420000;309303191;309723191;55832ab5-ad2d-4dd0-ace0-d1b848570011;WTB
10/09/2026 16:39:56;6977242166;Completed;0382498787;0385344178;C;Cartelo Judichael;0;wallettobank;120000;309723191;309843191;545eaba6-6424-4850-a735-c3d8e59cab16;WTB
10/09/2026 17:31:42;6980940099;Completed;0344559266;0385344178;C;RAZAFIARIMANANA;0;wallettobank;2200000;331841716;334041716;8307436a-9987-4f3d-b462-cac6e770b450;WTB
10/09/2026 16:40:32;6977281048;Completed;0345581074;0385344178;C;razafindravony;0;wallettobank;375000;309843191;310218191;5321999d-b62d-4491-ae90-3b3166c50751;WTB
10/09/2026 16:41:07;6977298553;Completed;0386079615;0385344178;C;RAZAFINARIVO;0;wallettobank;70000;310218191;310288191;333d0bfb-1138-40af-8e8d-4922d1690ed8;WTB
10/09/2026 17:32:00;6980965320;Completed;0346325032;0385344178;C;Rakotoarimalala;0;wallettobank;428000;334041716;334469716;e2e13310-b673-4fea-9bad-ca64e3ddcc92;WTB
10/09/2026 18:49:11;6986077473;Completed;0346535002;0385344178;C;RAZANATSOA;0;wallettobank;180000;358615416;358795416;bb001508-95cc-4ace-9f80-eae41549e260;WTB
10/09/2026 16:42:26;6977380109;Completed;0382319932;0385344178;C;FATRATRAMAMONJIHERITIANA;0;wallettobank;81700;311091191;311172891;fb19fe57-b6b6-4e6a-8f05-e877c7e47143;WTB
10/09/2026 16:42:25;6977420935;Completed;0386336055;0385344178;C;RANARISON;0;wallettobank;803000;310288191;311091191;daaef3fb-5417-4de1-a148-264239e7376f;WTB
10/09/2026 16:43:22;6977457898;Completed;0386994373;0385344178;C;Nomenjanahary;0;wallettobank;690000;311172891;311862891;c91ea1b5-5bb9-438e-b631-5b856ee98fd4;WTB
10/09/2026 17:32:56;6981016184;Completed;0346942394;0385344178;C;RAHELIARISOA;0;wallettobank;520000;334469716;334989716;bdef9e05-90a5-4ec2-ae66-984c5adecade;WTB
10/09/2026 16:44:43;6977551082;Completed;0386635973;0385344178;C;RAKOTOMANGA;0;wallettobank;81500;311862891;311944391;aeebb408-bbef-4cc5-8029-ca843a516b32;WTB
10/09/2026 18:50:43;6986183638;Completed;0387928597;0385344178;C;MARIE SOLIE LACIENNE;0;wallettobank;10000;358795416;358805416;a60b3db0-ccb9-4550-9375-45b3c2441350;WTB
10/09/2026 18:51:04;6986211659;Completed;0345225366;0385344178;C;RAKOTOARIMALALA;0;wallettobank;60000;358805416;358865416;d3ffdd10-2b2a-48f4-82ad-67e4875781bc;WTB
10/09/2026 16:47:15;6977724409;Completed;0340150658;0385344178;C;RANDRIANARISOA;0;wallettobank;64200;311944391;312008591;53235baf-bfca-451f-b544-45c0ff057ce7;WTB
10/09/2026 16:47:42;6977758724;Completed;0342834193;0385344178;C;STEPHANIE;0;wallettobank;400000;312008591;312408591;f94fea31-7be5-47ce-b758-758dded8d7b4;WTB
10/09/2026 16:48:09;6977817454;Completed;0346263032;0385344178;C;MASSAHE;0;wallettobank;2600000;312908591;315508591;698185ba-63f0-4bbb-b77c-965fd3429e96;WTB
10/09/2026 17:33:19;6981076711;Completed;0386133761;0385344178;C;MILA;0;wallettobank;335000;334989716;335324716;563ba408-c1d2-4341-b7a3-70134b1e7892;WTB
10/09/2026 18:52:40;6986292235;Completed;0343988577;0385344178;C;Ramaroniaina;0;wallettobank;2250000;358865416;361115416;6f1e0a23-6d17-4fa3-af87-2dbbeee12b6b;WTB
10/09/2026 19:31:33;6988228771;Completed;0383428081;0385344178;C;Razafimandimby;0;wallettobank;490000;377869252;378359252;efa6e6fc-7a2d-42d6-9cb6-84c64785eed5;WTB
10/09/2026 17:35:06;6981207252;Completed;0343633678;0385344178;C;Herifiniavana;0;wallettobank;424600;335324716;335749316;dd727d48-8622-493a-b153-28c1029e8bf1;WTB
10/09/2026 17:36:02;6981238211;Completed;0388515036;0385344178;C;RATOVOMANANA;0;wallettobank;301000;335749316;336050316;06ef517f-954f-41ae-8f7b-d4b06428900d;WTB
10/09/2026 18:54:04;6986378922;Completed;0344906560;0385344178;C;Talata;0;wallettobank;500000;361115416;361615416;6f451be4-4021-420f-83b4-9859a48421db;WTB
10/09/2026 17:36:29;6981270910;Completed;0349500202;0385344178;C;TSIMILAZA;0;wallettobank;1020000;336050316;337070316;be703a37-3d1d-46ac-a78a-6b32fd29b699;WTB
10/09/2026 18:55:04;6986389467;Completed;0341158026;0385344178;C;RAZAFINDRATSIMA;0;wallettobank;1466000;361615416;363081416;a5d7e08d-d3f7-4947-a9e5-4a5c5dcd7fd9;WTB
10/09/2026 17:37:18;6981340571;Completed;0388994175;0385344178;C;RAKOTONIAINA;0;wallettobank;145100;337070316;337215416;61b26307-168e-42a5-abcb-5bc89d39d58a;WTB
10/09/2026 18:55:28;6986461837;Completed;0383792330;0385344178;C;HERILALAINA;0;wallettobank;48000;363081416;363129416;c71d895f-be6a-4ce6-9813-130259e342f5;WTB
10/09/2026 18:55:43;6986465323;Completed;0348352057;0385344178;C;NIRIANA;0;wallettobank;242500;363129416;363371916;993faba8-b351-4c74-b14f-ddf98e42fe4c;WTB
10/09/2026 17:38:11;6981416700;Completed;0346128715;0385344178;C;RAHAOVALAHY;0;wallettobank;2500;337215416;337217916;e378db3a-722b-41c3-b64a-5b1618bb7917;WTB
10/09/2026 17:38:36;6981458468;Completed;0389787641;0385344178;C;RAFIDY;0;wallettobank;5000;337217916;337222916;3a18bcd3-c9d8-474c-ab00-615b83833fe0;WTB
10/09/2026 18:56:57;6986493359;Completed;0341522914;0385344178;C;HARIJAONA;0;wallettobank;6500;363371916;363378416;c956a154-a457-4520-a39e-3efc088dfd4b;WTB
10/09/2026 18:57:01;6986515717;Completed;0346744381;0385344178;C;RABAKOSON;0;wallettobank;624000;363378416;364002416;e0742d1e-f519-4b99-a0de-d4c9c14d46dd;WTB
10/09/2026 17:39:42;6981527031;Completed;0343141829;0385344178;C;Nantenaina;0;wallettobank;175000;337222916;337397916;6a2c0e1c-a2c1-4315-bbdb-92bf3d097b2f;WTB
10/09/2026 17:39:57;6981557222;Completed;0384240017;0385344178;C;Rajaonarivony Marie Joseph;0;wallettobank;4000;337397916;337401916;d10c796e-4ac3-4d3d-8b6c-0b4e63427f4d;WTB
10/09/2026 17:40:22;6981563247;Completed;0347342048;0385344178;C;BIENVENUE;0;wallettobank;190000;337401916;337591916;2c1d59fb-1be1-4487-95da-d8e04a79282a;WTB
10/09/2026 17:40:26;6981570020;Completed;0349155038;0385344178;C;ONJANIAINA;0;wallettobank;405000;337591916;337996916;e5fb7ac8-fbfc-4bf5-8260-a93b95995032;WTB
10/09/2026 17:42:02;6981665078;Completed;0340131604;0385344178;C;Andriantsiferana;0;wallettobank;595000;337996916;338591916;3ca7269b-6541-4e41-9dd8-85eb12c9c063;WTB
10/09/2026 17:42:25;6981695517;Completed;0344617648;0385344178;C;Rabeharimanana;0;wallettobank;8000;338591916;338599916;8181d3cf-0b8e-44f7-905c-4788ed522f8a;WTB
10/09/2026 19:00:18;6986680228;Completed;0340859774;0385344178;C;VOLOLONIRINA;0;wallettobank;80000;364002416;364082416;a1e957ba-42cd-4e73-9542-85f09850a3a5;WTB
10/09/2026 17:42:59;6981734584;Completed;0385580012;0385344178;C;Andriamihaja;0;wallettobank;114000;338599916;338713916;28c1932d-5c5c-42a6-8942-ec8bdb11116e;WTB
10/09/2026 19:01:06;6986745008;Completed;0387233960;0385344178;C;Saola;0;wallettobank;150000;364082416;364232416;0a52ce03-4ec7-4a12-a605-6fd8b0da5ff1;WTB
10/09/2026 17:43:13;6981777879;Completed;0385532409;0385344178;C;TITA MICKAEL;0;wallettobank;1583000;338713916;340296916;38e919b8-0b82-4152-9863-2015ad5f5001;WTB
10/09/2026 19:03:13;6986830008;Completed;0387962026;0385344178;C;RAZAZARISON;0;wallettobank;684000;364232416;364916416;3a1430c7-72f5-4959-bf1c-26b6c275a724;WTB
10/09/2026 17:45:21;6981902711;Completed;0346828807;0385344178;C;RAVELOARISOA;0;wallettobank;100000;340546916;340646916;a97fa209-609b-4f36-97ca-5701d391308c;WTB
10/09/2026 19:05:23;6986960667;Completed;0341390069;0385344178;C;raharivelo;0;wallettobank;25000;364916416;364941416;428b048a-dff4-4134-b3bd-007c60a6187c;WTB
10/09/2026 17:47:44;6982056659;Completed;0380922591;0385344178;C;RAZAFINDRAHANTA;0;wallettobank;303000;340646916;340949916;39651160-16c8-4810-b717-bd535d7277e3;WTB
10/09/2026 17:49:31;6982197177;Completed;0340272054;0385344178;C;rabemahafaly andrianantenaina;0;wallettobank;240000;340949916;341189916;ffed99b1-a8f1-450c-bae3-619be805bef3;WTB
10/09/2026 19:08:01;6987071751;Completed;0341400084;0385344178;C;BERNARD;0;wallettobank;244506;364941416;365185922;019218db-788c-4f3b-be80-37fb58d5f196;WTB
10/09/2026 17:49:48;6982223793;Completed;0341687471;0385344178;C;rakotoarimanana;0;wallettobank;450000;341189916;341639916;a7e30d03-5540-49d2-a518-be83bf5720c7;WTB
10/09/2026 19:08:58;6987144491;Completed;0343966569;0385344178;C;rahobimiaramanana;0;wallettobank;540000;365185922;365725922;10a959fb-d5e3-4f11-a7dc-1456b5b7ecd8;WTB
10/09/2026 17:50:38;6982284255;Completed;0383311912;0385344178;C;RANDRIANANTENAINA;0;wallettobank;910900;341639916;342550816;01c374ed-2599-4ba8-b08e-7037c59b409c;WTB
10/09/2026 17:50:59;6982303829;Completed;0347017674;0385344178;C;RAZAKAHERISON;0;wallettobank;55000;342550816;342605816;cafd03a4-876a-4ea7-be64-f95381e80bc1;WTB
10/09/2026 19:09:38;6987165855;Completed;0348778156;0385344178;C;RASOAVIMANANTY;0;wallettobank;820000;365725922;366545922;df34dafb-f4ca-441f-9c21-6fe20ede0b80;WTB
10/09/2026 19:09:51;6987190295;Completed;0348720262;0385344178;C;RAZANARILALA;0;wallettobank;545400;366545922;367091322;7cb0325a-937a-4065-9490-0ea3c97759ce;WTB
10/09/2026 17:51:27;6982345473;Completed;0381656905;0385344178;C;Rasoanantenaina;0;wallettobank;395000;342605816;343000816;8406540a-aa59-42e8-aa2e-01d9379da3ce;WTB
10/09/2026 17:51:36;6982366240;Completed;0381153843;0385344178;C;TODISOA;0;wallettobank;170000;343000816;343170816;42912ea3-b2c8-4e0f-9312-7742a427dd88;WTB
10/09/2026 17:52:26;6982405425;Completed;0341296056;0385344178;C;vannecha;0;wallettobank;150000;343170816;343320816;4bdf2742-47c7-4d0e-b369-7f8dcb17cc9e;WTB
10/09/2026 17:52:38;6982409745;Completed;0348756007;0385344178;C;ratombohevitra;0;wallettobank;515000;343320816;343835816;ec563c34-b437-4e6d-a9bb-7cfbebbb9b93;WTB
10/09/2026 19:11:35;6987287186;Completed;0388487798;0385344178;C;Sentofifaliana;0;wallettobank;220500;367091322;367311822;072b5b68-e35c-4ccd-a440-9a5e00054847;WTB
10/09/2026 17:53:21;6982470290;Completed;0346707005;0385344178;C;ANDRIATIANA SALEMA;0;wallettobank;30000;343835816;343865816;d5ce0a1c-8f06-4cd5-9ea0-8c3ed197755c;WTB
10/09/2026 17:56:38;6982666755;Completed;0389706929;0385344178;C;RAKOTONDRAMANANA;0;wallettobank;100000;344575816;344675816;ffc0f8a0-382f-4f0f-b29e-16f6eea9c9bc;WTB
10/09/2026 17:54:55;6982558854;Completed;0384553907;0385344178;C;RAMAROHASINA;0;wallettobank;710000;343865816;344575816;68cf49d0-ac20-47e5-bc62-13b54428668a;WTB
10/09/2026 19:14:28;6987382684;Completed;0389299780;0385344178;C;RAZAFINDRABE;0;wallettobank;50000;367311822;367361822;fe2d98a2-7f68-4634-908d-d50e9970f130;WTB
10/09/2026 19:16:19;6987500279;Completed;0382167748;0385344178;C;RAMAMONJY SOA;0;wallettobank;60000;367361822;367421822;a6612511-fab4-4e66-9f04-7f66bf9d3c33;WTB
10/09/2026 17:57:04;6982741824;Completed;0389161271;0385344178;C;FANAMBINANTSOA;0;wallettobank;370000;344675816;345045816;0b635969-99ac-4f2e-95f1-da767ce80dbf;WTB
10/09/2026 17:57:32;6982728358;Completed;0347661000;0385344178;C;ARMEL;0;wallettobank;209400;345045816;345255216;38707f8b-4704-4587-b042-b9ed45560ca5;WTB
10/09/2026 19:16:56;6987544649;Completed;0347907945;0385344178;C;ONJANIRIVO;0;wallettobank;1500000;367421822;368921822;465e5f80-d83a-499a-9473-9d1dbb4b47d7;WTB
10/09/2026 19:17:05;6987552017;Completed;0387663553;0385344178;C;HOLITIANA;0;wallettobank;1095000;368921822;370016822;92b3bc8e-6f89-43d2-82d9-96f667d42e6f;WTB
10/09/2026 19:18:24;6987611868;Completed;0387285396;0385344178;C;ANDRIANANTENAINARIVONY;0;wallettobank;374000;370016822;370390822;b0262a70-2d30-44a1-bbc8-90cca7412121;WTB
10/09/2026 18:13:50;6983887647;Completed;0389975656;0385344178;C;RAZANAJATOVO;0;wallettobank;687000;351368316;352055316;33ec5773-a697-4432-9e79-482aeb473539;WTB
10/09/2026 19:19:47;6987687993;Completed;0345421296;0385344178;C;IAVOTRINIAINA;0;wallettobank;523200;371955822;372479022;73a178f5-b38c-47a1-a3e1-bd1bd4aed8df;WTB
10/09/2026 19:19:12;6987655422;Completed;0347001348;0385344178;C;Randrianarimanana;0;wallettobank;900000;370390822;371290822;9a0a8228-04e8-4567-88ae-11638edaeb07;WTB
10/09/2026 19:19:24;6987649920;Completed;0348950060;0385344178;C;Razafimahatratra;0;wallettobank;210000;371290822;371500822;68938d0f-a0f9-4fa9-af6d-90c55d12a506;WTB
10/09/2026 19:19:35;6987684691;Completed;0347061774;0385344178;C;RANDRIANARISOA;0;wallettobank;455000;371500822;371955822;3b77bec0-f660-4b1f-86ff-52356578979c;WTB
10/09/2026 19:19:59;6987690295;Completed;0386922871;0385344178;C;RIVOLAZA;0;wallettobank;1114500;372479022;373593522;8b2d485b-3ea9-4435-acce-62952409b84e;WTB
10/09/2026 19:20:03;6987695495;Completed;0389494443;0385344178;C;Rakotoarimamy;0;wallettobank;265630;373593522;373859152;ef00dd62-9924-4f20-968e-cd3748cc44b0;WTB
10/09/2026 18:15:24;6983973570;Completed;0387928597;0385344178;C;MARIE SOLIE LACIENNE;0;wallettobank;200000;352055316;352255316;a46d2767-a4e4-4f27-b226-0aa7e0cb47a4;WTB
10/09/2026 18:15:39;6984009308;Completed;0386490454;0385344178;C;Nivo;0;wallettobank;5000;352255316;352260316;d490a219-b283-4d20-8d18-0151e0442350;WTB
10/09/2026 18:16:00;6984032936;Completed;0348202205;0385344178;C;RASOAMIARINJARA;0;wallettobank;480000;352260316;352740316;cfd1a841-bb82-460f-9f01-28237b449142;WTB
10/09/2026 18:16:49;6984095627;Completed;0345420945;0385344178;C;RAKOTOVAHINY;0;wallettobank;1040000;352740316;353780316;54506af9-4016-454a-b0f6-5d492efa037d;WTB
10/09/2026 18:17:14;6984125790;Completed;0384877550;0385344178;C;RAMAMIARILAFATRA;0;wallettobank;64000;353780316;353844316;5cdb0ae4-0085-48eb-be91-9054d4375df9;WTB
10/09/2026 19:24:33;6987892050;Completed;0341698566;0385344178;C;RANDRIA;0;wallettobank;2207000;373859152;376066152;2029cc1d-85ed-475c-81a7-ccdd04ea28e6;WTB
10/09/2026 19:25:11;6987909049;Completed;0340136601;0385344178;C;RAHARINARIVO;0;wallettobank;200000;376066152;376266152;e59b1e73-0e90-4c81-898c-b9d6d57e9517;WTB
10/09/2026 19:25:38;6987956532;Completed;0341538592;0385344178;C;RAKOTOARIMANANA;0;wallettobank;200000;376266152;376466152;359f5669-19b3-461d-9cd5-d21a2cdcfc9e;WTB
10/09/2026 18:24:06;6984541261;Completed;0340139610;0385344178;C;razanajerison;0;wallettobank;20000;353844316;353864316;fa30a98e-1997-4f14-af9c-e7312fb9cb46;WTB
10/09/2026 18:24:14;6984555110;Completed;0389428982;0385344178;C;RASOAMAHAFALY;0;wallettobank;800000;353864316;354664316;c3c8a211-bab4-4f5f-9d0b-8b392305a850;WTB
10/09/2026 18:25:01;6984604780;Completed;0345929066;0385344178;C;RANJARASOANIRINA;0;wallettobank;189500;354664316;354853816;980bce4b-488c-41ce-b375-f5436da02328;WTB
10/09/2026 18:25:28;6984638273;Completed;0388046808;0385344178;C;OLESTRA;0;wallettobank;8000;354853816;354861816;6262376c-f675-4c47-913a-e5c931dc4bba;WTB
10/09/2026 19:26:56;6988018868;Completed;0341063054;0385344178;C;RABENDRIANA;0;wallettobank;776000;376466152;377242152;a2ccf636-62c6-4712-9a85-13b46c79daf2;WTB
10/09/2026 19:27:20;6988001330;Completed;0383984311;0385344178;C;RAMILIARISOA;0;wallettobank;80000;377242152;377322152;28bdb2bd-215a-4f5d-beb9-f719585d3a8a;WTB
10/09/2026 19:31:33;6988219749;Completed;0388478202;0385344178;C;ZARATIANA;0;wallettobank;547100;377322152;377869252;db5eb091-472d-483f-8acf-8bb6ce4ed542;WTB
10/09/2026 19:32:39;6988256254;Completed;0340571646;0385344178;C;NOROTINA;0;wallettobank;7000;378359252;378366252;9e214a11-3b43-45a1-b977-d3c80f85bae3;WTB
10/09/2026 19:39:32;6988542425;Completed;0381089016;0385344178;C;FIYIAVANJANAHARY;0;wallettobank;5000;378366252;378371252;37cfdc95-6667-471f-8fd3-b62192813781;WTB
10/09/2026 19:41:16;6988646694;Completed;0343716814;0385344178;C;RATSIMBA;0;wallettobank;25000;378371252;378396252;83a7a795-ca1b-447b-9871-b4b402b7e9b1;WTB
10/09/2026 19:48:31;6988916931;Completed;0380690066;0385344178;C;RAFIDIMANANA;0;wallettobank;160000;378396252;378556252;57c51719-341d-4da9-88a0-314c49681245;WTB
10/09/2026 19:48:48;6988941721;Completed;0348195238;0385344178;C;RABEZAKA;0;wallettobank;130000;378556252;378686252;18eda1c4-0049-456a-993f-d1fa6003bfd0;WTB
10/09/2026 19:50:31;6989001565;Completed;0387807834;0385344178;C;TOJONIRINA;0;wallettobank;30000;378686252;378716252;176fcc1f-c4ae-44c8-be97-c88552f917d7;WTB
10/09/2026 20:01:00;6989386082;Completed;0340246998;0385344178;C;Herindratoniaina;0;wallettobank;387300;378716252;379103552;b7be8034-4963-4b03-a5e0-1163f7f4c6da;WTB
10/09/2026 20:11:08;6989768050;Completed;0345333336;0385344178;C;zafy;0;wallettobank;1100000;379103552;380203552;4a34e646-b8ca-4b75-a266-b4b1af02a222;WTB
10/09/2026 20:11:49;6989760346;Completed;0380307170;0385344178;C;FANOMEZANTSOA;0;wallettobank;15000;380203552;380218552;5a324d66-0f99-4b44-9e02-e791ea00dcb5;WTB
10/09/2026 20:12:25;6989808389;Completed;0380120079;0385344178;C;RAHANTANIAINA;0;wallettobank;319800;380218552;380538352;d66da28d-fc2a-4678-b603-c527086bc46e;WTB
10/09/2026 20:12:34;6989814819;Completed;0341494675;0385344178;C;Ratsara;0;wallettobank;185600;380538352;380723952;31ae30e8-4c0f-47cd-93a5-a4f424b02922;WTB
10/09/2026 20:24:03;6990170194;Completed;0342110880;0385344178;C;RABEMANANTENA;0;wallettobank;261300;380723952;380985252;bd76e663-7b54-457b-aabe-47389c0e7e57;WTB
10/09/2026 20:31:50;6990406429;Completed;0349829030;0385344178;C;RASOANAIVO;0;wallettobank;250000;380985252;381235252;3d892bac-8ab2-48af-b9b7-879ba57ba3cd;WTB
10/09/2026 20:33:55;6990499884;Completed;0384389300;0385344178;C;FANAMBINANTSOA;0;wallettobank;100000;381235252;381335252;1c6a897c-38ae-4cce-8c49-0774178c7d4c;WTB
10/09/2026 20:34:40;6990488830;Completed;0340137016;0385344178;C;Filotilide Esmiry;0;wallettobank;369000;381335252;381704252;f6cee175-ea1c-4486-bbf5-63df266bd238;WTB
10/09/2026 20:41:21;6990696950;Completed;0348328854;0385344178;C;Rafaralahy;0;wallettobank;200000;381704252;381904252;b8fec65b-162d-465f-bffd-61f275c95a87;WTB
10/09/2026 20:42:13;6990742860;Completed;0380630692;0385344178;C;BE;0;wallettobank;285000;381904252;382189252;7a5c8fad-458d-45e7-a3b1-abe9fd2ec868;WTB
10/09/2026 20:42:38;6990761547;Completed;0349753709;0385344178;C;ndranaloha;0;wallettobank;65000;382189252;382254252;24ad4919-0f1c-4e0e-98f9-4d60b66523ad;WTB
10/09/2026 20:56:15;6991136611;Completed;0343956937;0385344178;C;RASOAMIHANTA;0;wallettobank;99600;382254252;382353852;87697562-7b5e-448e-89a3-24ddee116ae3;WTB
10/09/2026 21:08:02;6991413284;Completed;0389492009;0385344178;C;RABEHAJARISON;0;wallettobank;295000;382353852;382648852;66364a0e-1c86-4913-90d3-f4708989f5a5;WTB
10/09/2026 21:08:33;6991432253;Completed;0384835134;0385344178;C;HERIMINONTSOA;0;wallettobank;85000;382648852;382733852;9df5bf0f-6d12-44be-8015-ee94bfb4582d;WTB
10/09/2026 21:11:06;6991494819;Completed;0340945358;0385344178;C;RASAMITIAVA;0;wallettobank;58000;382733852;382791852;e0c9949a-3c11-4e2a-a283-c5b2be919bf0;WTB
10/09/2026 21:16:28;6991601994;Completed;0347815745;0385344178;C;Vololoniaina;0;wallettobank;570000;382791852;383361852;d1d11eff-4a3d-477b-b006-44ed704237c1;WTB
10/09/2026 21:28:00;6991828622;Completed;0384054809;0385344178;C;HAJARAMAMPIONONA;0;wallettobank;500;384181852;384182352;2fb6901a-a219-4352-9c13-dce26173499e;WTB
10/09/2026 21:27:56;6991798659;Completed;0340280652;0385344178;C;RAJAONARISON;0;wallettobank;820000;383361852;384181852;7ea3c2db-4c75-4e72-bce5-f59a533e4b0b;WTB
10/09/2026 21:35:07;6991943625;Completed;0383422376;0385344178;C;ANDRIAMIHAMINA;0;wallettobank;339500;384182352;384521852;5cb1bee0-5e79-4e55-963d-c64328fa94ff;WTB
10/09/2026 22:01:45;6992313399;Completed;0380985567;0385344178;C;Rakotondrazaka;0;wallettobank;352000;384521852;384873852;b8cb9db0-6aa0-4369-997d-4aa089bf64f8;WTB
10/09/2026 23:05:12;6992789169;Completed;0347208316;0385344178;C;RABEZAFY;0;wallettobank;112000;384873852;384985852;d1a874a5-c34f-4bed-9086-7554490837e5;WTB
10/09/2026 23:22:39;6992899122;Completed;0347208316;0385344178;C;RABEZAFY;0;wallettobank;5000;384985852;384990852;d82b7170-4844-4e5f-8e01-70a3043008d0;WTB
10/09/2026 23:30:01;6992951599;Completed;0345493074;0385344178;C;TOTOBERAO;0;wallettobank;665000;384990852;385655852;9d8a771e-5885-4f3e-838a-4f2c7c13b355;WTB
